Time, NodeID, Gender, AgeYears, IndividualProp=Risk, NumIndividuals, NumInfected
0,2,M,40, High,1430,0
0,2,M,40, Low,635,0
0,2,M,80, High,260,0
0,2,M,80, Low,112,0
0,2,M,125, High,50,0
0,2,M,125, Low,21,0
0,2,F,40, High,1411,0
0,2,F,40, Low,653,0
0,2,F,80, High,246,0
0,2,F,80, Low,95,0
0,2,F,125, High,52,0
0,2,F,125, Low,35,0
0,1,M,40, High,409,0
0,1,M,40, Low,1618,0
0,1,M,80, High,79,0
0,1,M,80, Low,302,0
0,1,M,125, High,22,0
0,1,M,125, Low,52,0
0,1,F,40, High,409,0
0,1,F,40, Low,1651,0
0,1,F,80, High,81,0
0,1,F,80, Low,300,0
0,1,F,125, High,21,0
0,1,F,125, Low,56,0
1,2,M,40, High,1430,0
1,2,M,40, Low,635,0
1,2,M,80, High,260,0
1,2,M,80, Low,112,0
1,2,M,125, High,50,0
1,2,M,125, Low,21,0
1,2,F,40, High,1411,0
1,2,F,40, Low,653,0
1,2,F,80, High,246,0
1,2,F,80, Low,95,0
1,2,F,125, High,52,0
1,2,F,125, Low,35,0
1,1,M,40, High,409,1
1,1,M,40, Low,1618,24
1,1,M,80, High,79,0
1,1,M,80, Low,302,2
1,1,M,125, High,22,0
1,1,M,125, Low,52,1
1,1,F,40, High,408,0
1,1,F,40, Low,1651,27
1,1,F,80, High,82,0
1,1,F,80, Low,300,5
1,1,F,125, High,21,0
1,1,F,125, Low,56,0
2,2,M,40, High,1430,0
2,2,M,40, Low,635,0
2,2,M,80, High,260,0
2,2,M,80, Low,112,0
2,2,M,125, High,50,0
2,2,M,125, Low,21,0
2,2,F,40, High,1411,0
2,2,F,40, Low,652,0
2,2,F,80, High,246,0
2,2,F,80, Low,96,0
2,2,F,125, High,52,0
2,2,F,125, Low,35,0
2,1,M,40, High,409,1
2,1,M,40, Low,1618,23
2,1,M,80, High,79,0
2,1,M,80, Low,302,2
2,1,M,125, High,22,0
2,1,M,125, Low,52,0
2,1,F,40, High,408,1
2,1,F,40, Low,1651,29
2,1,F,80, High,82,0
2,1,F,80, Low,300,6
2,1,F,125, High,21,0
2,1,F,125, Low,56,0
3,2,M,40, High,1430,0
3,2,M,40, Low,635,0
3,2,M,80, High,260,0
3,2,M,80, Low,112,0
3,2,M,125, High,50,0
3,2,M,125, Low,21,0
3,2,F,40, High,1411,0
3,2,F,40, Low,652,0
3,2,F,80, High,246,0
3,2,F,80, Low,96,0
3,2,F,125, High,52,0
3,2,F,125, Low,35,0
3,1,M,40, High,409,1
3,1,M,40, Low,1617,28
3,1,M,80, High,79,0
3,1,M,80, Low,303,2
3,1,M,125, High,22,0
3,1,M,125, Low,52,0
3,1,F,40, High,408,1
3,1,F,40, Low,1651,28
3,1,F,80, High,82,0
3,1,F,80, Low,300,6
3,1,F,125, High,21,0
3,1,F,125, Low,56,0
4,2,M,40, High,1430,0
4,2,M,40, Low,635,0
4,2,M,80, High,260,0
4,2,M,80, Low,112,0
4,2,M,125, High,50,0
4,2,M,125, Low,21,0
4,2,F,40, High,1411,0
4,2,F,40, Low,652,0
4,2,F,80, High,246,0
4,2,F,80, Low,96,0
4,2,F,125, High,52,0
4,2,F,125, Low,35,0
4,1,M,40, High,409,2
4,1,M,40, Low,1617,28
4,1,M,80, High,79,0
4,1,M,80, Low,303,3
4,1,M,125, High,22,0
4,1,M,125, Low,52,0
4,1,F,40, High,408,1
4,1,F,40, Low,1651,30
4,1,F,80, High,82,0
4,1,F,80, Low,300,4
4,1,F,125, High,21,1
4,1,F,125, Low,56,0
5,2,M,40, High,1430,0
5,2,M,40, Low,635,0
5,2,M,80, High,260,0
5,2,M,80, Low,112,0
5,2,M,125, High,50,0
5,2,M,125, Low,21,0
5,2,F,40, High,1411,0
5,2,F,40, Low,652,0
5,2,F,80, High,246,0
5,2,F,80, Low,96,0
5,2,F,125, High,52,0
5,2,F,125, Low,35,0
5,1,M,40, High,409,2
5,1,M,40, Low,1617,29
5,1,M,80, High,79,0
5,1,M,80, Low,303,3
5,1,M,125, High,22,1
5,1,M,125, Low,52,0
5,1,F,40, High,408,1
5,1,F,40, Low,1651,26
5,1,F,80, High,82,0
5,1,F,80, Low,300,5
5,1,F,125, High,21,0
5,1,F,125, Low,56,0
6,2,M,40, High,1430,0
6,2,M,40, Low,635,0
6,2,M,80, High,260,0
6,2,M,80, Low,112,0
6,2,M,125, High,50,0
6,2,M,125, Low,21,0
6,2,F,40, High,1411,0
6,2,F,40, Low,652,0
6,2,F,80, High,246,0
6,2,F,80, Low,96,0
6,2,F,125, High,52,0
6,2,F,125, Low,35,0
6,1,M,40, High,409,5
6,1,M,40, Low,1617,29
6,1,M,80, High,79,1
6,1,M,80, Low,303,3
6,1,M,125, High,22,1
6,1,M,125, Low,52,0
6,1,F,40, High,408,2
6,1,F,40, Low,1651,21
6,1,F,80, High,82,0
6,1,F,80, Low,300,6
6,1,F,125, High,21,0
6,1,F,125, Low,56,1
7,2,M,40, High,1430,0
7,2,M,40, Low,635,0
7,2,M,80, High,260,0
7,2,M,80, Low,112,0
7,2,M,125, High,50,0
7,2,M,125, Low,21,0
7,2,F,40, High,1411,0
7,2,F,40, Low,652,0
7,2,F,80, High,246,0
7,2,F,80, Low,96,0
7,2,F,125, High,52,0
7,2,F,125, Low,35,0
7,1,M,40, High,409,6
7,1,M,40, Low,1617,24
7,1,M,80, High,79,1
7,1,M,80, Low,303,2
7,1,M,125, High,22,1
7,1,M,125, Low,52,1
7,1,F,40, High,408,4
7,1,F,40, Low,1651,25
7,1,F,80, High,82,0
7,1,F,80, Low,300,7
7,1,F,125, High,21,1
7,1,F,125, Low,56,1
8,2,M,40, High,1430,0
8,2,M,40, Low,635,0
8,2,M,80, High,260,0
8,2,M,80, Low,112,0
8,2,M,125, High,50,0
8,2,M,125, Low,21,0
8,2,F,40, High,1411,0
8,2,F,40, Low,652,0
8,2,F,80, High,246,0
8,2,F,80, Low,96,0
8,2,F,125, High,52,0
8,2,F,125, Low,35,0
8,1,M,40, High,409,10
8,1,M,40, Low,1617,27
8,1,M,80, High,79,0
8,1,M,80, Low,303,2
8,1,M,125, High,22,1
8,1,M,125, Low,52,1
8,1,F,40, High,408,4
8,1,F,40, Low,1651,29
8,1,F,80, High,82,1
8,1,F,80, Low,300,9
8,1,F,125, High,21,1
8,1,F,125, Low,56,0
9,2,M,40, High,1430,0
9,2,M,40, Low,635,0
9,2,M,80, High,260,0
9,2,M,80, Low,112,0
9,2,M,125, High,50,0
9,2,M,125, Low,21,0
9,2,F,40, High,1411,0
9,2,F,40, Low,652,0
9,2,F,80, High,246,0
9,2,F,80, Low,96,0
9,2,F,125, High,52,0
9,2,F,125, Low,35,0
9,1,M,40, High,409,14
9,1,M,40, Low,1617,37
9,1,M,80, High,79,0
9,1,M,80, Low,303,4
9,1,M,125, High,22,1
9,1,M,125, Low,52,2
9,1,F,40, High,408,7
9,1,F,40, Low,1651,34
9,1,F,80, High,82,1
9,1,F,80, Low,300,7
9,1,F,125, High,21,0
9,1,F,125, Low,56,0
10,2,M,40, High,1430,0
10,2,M,40, Low,635,0
10,2,M,80, High,260,0
10,2,M,80, Low,112,0
10,2,M,125, High,50,0
10,2,M,125, Low,21,0
10,2,F,40, High,1411,0
10,2,F,40, Low,652,0
10,2,F,80, High,246,0
10,2,F,80, Low,96,0
10,2,F,125, High,52,0
10,2,F,125, Low,35,0
10,1,M,40, High,409,21
10,1,M,40, Low,1617,42
10,1,M,80, High,79,1
10,1,M,80, Low,303,3
10,1,M,125, High,22,0
10,1,M,125, Low,52,3
10,1,F,40, High,408,16
10,1,F,40, Low,1651,36
10,1,F,80, High,82,3
10,1,F,80, Low,300,10
10,1,F,125, High,21,0
10,1,F,125, Low,56,1
11,2,M,40, High,1430,0
11,2,M,40, Low,635,0
11,2,M,80, High,260,0
11,2,M,80, Low,112,0
11,2,M,125, High,50,0
11,2,M,125, Low,21,0
11,2,F,40, High,1411,0
11,2,F,40, Low,652,0
11,2,F,80, High,246,0
11,2,F,80, Low,96,0
11,2,F,125, High,52,0
11,2,F,125, Low,35,0
11,1,M,40, High,409,25
11,1,M,40, Low,1617,41
11,1,M,80, High,79,1
11,1,M,80, Low,303,2
11,1,M,125, High,22,0
11,1,M,125, Low,52,2
11,1,F,40, High,408,19
11,1,F,40, Low,1651,38
11,1,F,80, High,82,5
11,1,F,80, Low,300,12
11,1,F,125, High,21,1
11,1,F,125, Low,56,1
12,2,M,40, High,1430,0
12,2,M,40, Low,635,0
12,2,M,80, High,260,0
12,2,M,80, Low,112,0
12,2,M,125, High,50,0
12,2,M,125, Low,21,0
12,2,F,40, High,1411,0
12,2,F,40, Low,652,0
12,2,F,80, High,246,0
12,2,F,80, Low,96,0
12,2,F,125, High,52,0
12,2,F,125, Low,35,0
12,1,M,40, High,409,28
12,1,M,40, Low,1617,47
12,1,M,80, High,79,3
12,1,M,80, Low,303,6
12,1,M,125, High,22,1
12,1,M,125, Low,52,2
12,1,F,40, High,408,29
12,1,F,40, Low,1651,44
12,1,F,80, High,82,3
12,1,F,80, Low,300,7
12,1,F,125, High,21,2
12,1,F,125, Low,56,1
13,2,M,40, High,1430,0
13,2,M,40, Low,635,0
13,2,M,80, High,260,0
13,2,M,80, Low,112,0
13,2,M,125, High,50,0
13,2,M,125, Low,21,0
13,2,F,40, High,1411,0
13,2,F,40, Low,652,0
13,2,F,80, High,246,0
13,2,F,80, Low,96,0
13,2,F,125, High,52,0
13,2,F,125, Low,35,0
13,1,M,40, High,409,30
13,1,M,40, Low,1617,49
13,1,M,80, High,79,8
13,1,M,80, Low,303,10
13,1,M,125, High,22,3
13,1,M,125, Low,52,1
13,1,F,40, High,408,34
13,1,F,40, Low,1651,54
13,1,F,80, High,82,5
13,1,F,80, Low,300,10
13,1,F,125, High,21,5
13,1,F,125, Low,56,0
14,2,M,40, High,1430,0
14,2,M,40, Low,635,0
14,2,M,80, High,260,0
14,2,M,80, Low,112,0
14,2,M,125, High,50,0
14,2,M,125, Low,21,0
14,2,F,40, High,1411,0
14,2,F,40, Low,652,0
14,2,F,80, High,246,0
14,2,F,80, Low,96,0
14,2,F,125, High,52,0
14,2,F,125, Low,35,0
14,1,M,40, High,409,49
14,1,M,40, Low,1617,55
14,1,M,80, High,79,8
14,1,M,80, Low,303,11
14,1,M,125, High,22,4
14,1,M,125, Low,52,2
14,1,F,40, High,408,45
14,1,F,40, Low,1651,60
14,1,F,80, High,82,9
14,1,F,80, Low,300,9
14,1,F,125, High,21,5
14,1,F,125, Low,56,0
15,2,M,40, High,1430,0
15,2,M,40, Low,635,0
15,2,M,80, High,260,0
15,2,M,80, Low,112,0
15,2,M,125, High,50,0
15,2,M,125, Low,21,0
15,2,F,40, High,1411,0
15,2,F,40, Low,652,0
15,2,F,80, High,246,0
15,2,F,80, Low,96,0
15,2,F,125, High,52,0
15,2,F,125, Low,35,0
15,1,M,40, High,409,65
15,1,M,40, Low,1617,58
15,1,M,80, High,79,21
15,1,M,80, Low,303,14
15,1,M,125, High,22,4
15,1,M,125, Low,52,1
15,1,F,40, High,408,65
15,1,F,40, Low,1651,70
15,1,F,80, High,82,15
15,1,F,80, Low,300,11
15,1,F,125, High,21,6
15,1,F,125, Low,56,0
16,2,M,40, High,1430,0
16,2,M,40, Low,635,0
16,2,M,80, High,260,0
16,2,M,80, Low,112,0
16,2,M,125, High,50,0
16,2,M,125, Low,21,0
16,2,F,40, High,1411,0
16,2,F,40, Low,652,0
16,2,F,80, High,246,0
16,2,F,80, Low,96,0
16,2,F,125, High,52,0
16,2,F,125, Low,35,0
16,1,M,40, High,409,75
16,1,M,40, Low,1617,62
16,1,M,80, High,79,18
16,1,M,80, Low,303,13
16,1,M,125, High,22,6
16,1,M,125, Low,52,1
16,1,F,40, High,408,72
16,1,F,40, Low,1651,72
16,1,F,80, High,82,21
16,1,F,80, Low,300,16
16,1,F,125, High,21,5
16,1,F,125, Low,56,1
17,2,M,40, High,1430,0
17,2,M,40, Low,635,0
17,2,M,80, High,260,0
17,2,M,80, Low,112,0
17,2,M,125, High,50,0
17,2,M,125, Low,21,0
17,2,F,40, High,1411,0
17,2,F,40, Low,652,0
17,2,F,80, High,246,0
17,2,F,80, Low,96,0
17,2,F,125, High,52,0
17,2,F,125, Low,35,0
17,1,M,40, High,409,92
17,1,M,40, Low,1617,72
17,1,M,80, High,79,17
17,1,M,80, Low,303,12
17,1,M,125, High,22,6
17,1,M,125, Low,52,1
17,1,F,40, High,408,100
17,1,F,40, Low,1651,80
17,1,F,80, High,82,22
17,1,F,80, Low,300,10
17,1,F,125, High,21,5
17,1,F,125, Low,56,3
18,2,M,40, High,1430,0
18,2,M,40, Low,635,0
18,2,M,80, High,260,0
18,2,M,80, Low,112,0
18,2,M,125, High,50,0
18,2,M,125, Low,21,0
18,2,F,40, High,1411,0
18,2,F,40, Low,652,0
18,2,F,80, High,246,0
18,2,F,80, Low,96,0
18,2,F,125, High,52,0
18,2,F,125, Low,35,0
18,1,M,40, High,409,100
18,1,M,40, Low,1617,77
18,1,M,80, High,79,21
18,1,M,80, Low,303,14
18,1,M,125, High,22,10
18,1,M,125, Low,52,4
18,1,F,40, High,408,111
18,1,F,40, Low,1651,80
18,1,F,80, High,82,22
18,1,F,80, Low,300,14
18,1,F,125, High,21,4
18,1,F,125, Low,56,2
19,2,M,40, High,1430,0
19,2,M,40, Low,635,0
19,2,M,80, High,260,0
19,2,M,80, Low,112,0
19,2,M,125, High,50,0
19,2,M,125, Low,21,0
19,2,F,40, High,1410,0
19,2,F,40, Low,652,0
19,2,F,80, High,247,0
19,2,F,80, Low,96,0
19,2,F,125, High,52,0
19,2,F,125, Low,35,0
19,1,M,40, High,408,117
19,1,M,40, Low,1617,83
19,1,M,80, High,80,21
19,1,M,80, Low,303,11
19,1,M,125, High,22,11
19,1,M,125, Low,52,5
19,1,F,40, High,408,124
19,1,F,40, Low,1651,90
19,1,F,80, High,82,24
19,1,F,80, Low,300,17
19,1,F,125, High,21,5
19,1,F,125, Low,56,3
20,2,M,40, High,1430,0
20,2,M,40, Low,635,0
20,2,M,80, High,260,0
20,2,M,80, Low,112,0
20,2,M,125, High,50,0
20,2,M,125, Low,21,0
20,2,F,40, High,1410,0
20,2,F,40, Low,652,0
20,2,F,80, High,247,0
20,2,F,80, Low,96,0
20,2,F,125, High,52,0
20,2,F,125, Low,35,0
20,1,M,40, High,408,120
20,1,M,40, Low,1617,89
20,1,M,80, High,80,24
20,1,M,80, Low,303,15
20,1,M,125, High,22,7
20,1,M,125, Low,52,4
20,1,F,40, High,408,132
20,1,F,40, Low,1651,90
20,1,F,80, High,82,24
20,1,F,80, Low,300,14
20,1,F,125, High,21,7
20,1,F,125, Low,56,3
21,2,M,40, High,1430,0
21,2,M,40, Low,635,0
21,2,M,80, High,260,0
21,2,M,80, Low,112,0
21,2,M,125, High,50,0
21,2,M,125, Low,21,0
21,2,F,40, High,1410,0
21,2,F,40, Low,652,0
21,2,F,80, High,247,0
21,2,F,80, Low,96,0
21,2,F,125, High,52,0
21,2,F,125, Low,35,0
21,1,M,40, High,408,116
21,1,M,40, Low,1617,90
21,1,M,80, High,80,24
21,1,M,80, Low,303,13
21,1,M,125, High,22,6
21,1,M,125, Low,52,4
21,1,F,40, High,408,124
21,1,F,40, Low,1651,100
21,1,F,80, High,82,24
21,1,F,80, Low,300,20
21,1,F,125, High,21,5
21,1,F,125, Low,56,4
22,2,M,40, High,1430,0
22,2,M,40, Low,635,0
22,2,M,80, High,260,0
22,2,M,80, Low,112,0
22,2,M,125, High,50,0
22,2,M,125, Low,21,0
22,2,F,40, High,1410,0
22,2,F,40, Low,652,0
22,2,F,80, High,247,0
22,2,F,80, Low,96,0
22,2,F,125, High,52,0
22,2,F,125, Low,35,0
22,1,M,40, High,408,97
22,1,M,40, Low,1617,91
22,1,M,80, High,80,29
22,1,M,80, Low,303,17
22,1,M,125, High,22,5
22,1,M,125, Low,52,4
22,1,F,40, High,408,111
22,1,F,40, Low,1651,99
22,1,F,80, High,82,22
22,1,F,80, Low,300,24
22,1,F,125, High,21,5
22,1,F,125, Low,56,3
23,2,M,40, High,1430,0
23,2,M,40, Low,635,0
23,2,M,80, High,260,0
23,2,M,80, Low,112,0
23,2,M,125, High,50,0
23,2,M,125, Low,21,0
23,2,F,40, High,1410,0
23,2,F,40, Low,652,0
23,2,F,80, High,247,0
23,2,F,80, Low,96,0
23,2,F,125, High,52,0
23,2,F,125, Low,35,0
23,1,M,40, High,408,82
23,1,M,40, Low,1617,99
23,1,M,80, High,80,24
23,1,M,80, Low,303,16
23,1,M,125, High,22,5
23,1,M,125, Low,52,4
23,1,F,40, High,408,91
23,1,F,40, Low,1651,110
23,1,F,80, High,82,20
23,1,F,80, Low,300,21
23,1,F,125, High,21,5
23,1,F,125, Low,56,2
24,2,M,40, High,1430,0
24,2,M,40, Low,635,0
24,2,M,80, High,260,0
24,2,M,80, Low,112,0
24,2,M,125, High,50,0
24,2,M,125, Low,21,0
24,2,F,40, High,1410,0
24,2,F,40, Low,652,0
24,2,F,80, High,247,0
24,2,F,80, Low,96,0
24,2,F,125, High,52,0
24,2,F,125, Low,35,0
24,1,M,40, High,408,67
24,1,M,40, Low,1617,95
24,1,M,80, High,80,15
24,1,M,80, Low,303,21
24,1,M,125, High,22,5
24,1,M,125, Low,52,3
24,1,F,40, High,408,72
24,1,F,40, Low,1651,113
24,1,F,80, High,82,16
24,1,F,80, Low,300,23
24,1,F,125, High,21,4
24,1,F,125, Low,56,2
25,2,M,40, High,1430,0
25,2,M,40, Low,635,0
25,2,M,80, High,260,0
25,2,M,80, Low,112,0
25,2,M,125, High,50,0
25,2,M,125, Low,21,0
25,2,F,40, High,1410,0
25,2,F,40, Low,652,0
25,2,F,80, High,247,0
25,2,F,80, Low,96,0
25,2,F,125, High,52,0
25,2,F,125, Low,35,0
25,1,M,40, High,408,52
25,1,M,40, Low,1617,108
25,1,M,80, High,80,10
25,1,M,80, Low,303,25
25,1,M,125, High,22,3
25,1,M,125, Low,52,2
25,1,F,40, High,408,58
25,1,F,40, Low,1651,111
25,1,F,80, High,82,12
25,1,F,80, Low,300,22
25,1,F,125, High,21,0
25,1,F,125, Low,56,3
26,2,M,40, High,1430,0
26,2,M,40, Low,635,0
26,2,M,80, High,260,0
26,2,M,80, Low,112,0
26,2,M,125, High,50,0
26,2,M,125, Low,21,0
26,2,F,40, High,1410,0
26,2,F,40, Low,652,0
26,2,F,80, High,247,0
26,2,F,80, Low,96,0
26,2,F,125, High,52,0
26,2,F,125, Low,35,0
26,1,M,40, High,408,45
26,1,M,40, Low,1617,106
26,1,M,80, High,80,9
26,1,M,80, Low,303,28
26,1,M,125, High,22,1
26,1,M,125, Low,52,4
26,1,F,40, High,408,35
26,1,F,40, Low,1651,98
26,1,F,80, High,82,9
26,1,F,80, Low,300,18
26,1,F,125, High,21,0
26,1,F,125, Low,56,2
27,2,M,40, High,1430,0
27,2,M,40, Low,635,0
27,2,M,80, High,260,0
27,2,M,80, Low,112,0
27,2,M,125, High,50,0
27,2,M,125, Low,21,0
27,2,F,40, High,1410,0
27,2,F,40, Low,652,0
27,2,F,80, High,247,0
27,2,F,80, Low,96,0
27,2,F,125, High,52,0
27,2,F,125, Low,35,0
27,1,M,40, High,408,35
27,1,M,40, Low,1617,100
27,1,M,80, High,80,8
27,1,M,80, Low,303,27
27,1,M,125, High,22,1
27,1,M,125, Low,52,6
27,1,F,40, High,408,22
27,1,F,40, Low,1651,107
27,1,F,80, High,82,5
27,1,F,80, Low,300,14
27,1,F,125, High,21,0
27,1,F,125, Low,56,4
28,2,M,40, High,1430,0
28,2,M,40, Low,635,0
28,2,M,80, High,260,0
28,2,M,80, Low,112,0
28,2,M,125, High,50,0
28,2,M,125, Low,21,0
28,2,F,40, High,1410,0
28,2,F,40, Low,652,0
28,2,F,80, High,247,0
28,2,F,80, Low,96,0
28,2,F,125, High,52,0
28,2,F,125, Low,35,0
28,1,M,40, High,408,28
28,1,M,40, Low,1617,95
28,1,M,80, High,80,7
28,1,M,80, Low,303,20
28,1,M,125, High,22,1
28,1,M,125, Low,52,7
28,1,F,40, High,408,13
28,1,F,40, Low,1651,99
28,1,F,80, High,82,3
28,1,F,80, Low,300,15
28,1,F,125, High,21,0
28,1,F,125, Low,56,5
29,2,M,40, High,1430,0
29,2,M,40, Low,635,0
29,2,M,80, High,260,0
29,2,M,80, Low,112,0
29,2,M,125, High,50,0
29,2,M,125, Low,21,0
29,2,F,40, High,1410,0
29,2,F,40, Low,652,0
29,2,F,80, High,247,0
29,2,F,80, Low,96,0
29,2,F,125, High,52,0
29,2,F,125, Low,35,0
29,1,M,40, High,408,18
29,1,M,40, Low,1617,99
29,1,M,80, High,80,7
29,1,M,80, Low,303,19
29,1,M,125, High,22,1
29,1,M,125, Low,52,4
29,1,F,40, High,408,11
29,1,F,40, Low,1651,109
29,1,F,80, High,82,3
29,1,F,80, Low,300,15
29,1,F,125, High,21,0
29,1,F,125, Low,56,2
30,2,M,40, High,1430,0
30,2,M,40, Low,635,0
30,2,M,80, High,260,0
30,2,M,80, Low,112,0
30,2,M,125, High,50,0
30,2,M,125, Low,21,0
30,2,F,40, High,1410,0
30,2,F,40, Low,652,0
30,2,F,80, High,247,0
30,2,F,80, Low,96,0
30,2,F,125, High,52,0
30,2,F,125, Low,35,0
30,1,M,40, High,408,14
30,1,M,40, Low,1617,92
30,1,M,80, High,80,5
30,1,M,80, Low,303,18
30,1,M,125, High,22,1
30,1,M,125, Low,52,3
30,1,F,40, High,408,6
30,1,F,40, Low,1651,105
30,1,F,80, High,82,2
30,1,F,80, Low,300,12
30,1,F,125, High,21,0
30,1,F,125, Low,56,1
31,2,M,40, High,1430,0
31,2,M,40, Low,635,0
31,2,M,80, High,260,0
31,2,M,80, Low,112,0
31,2,M,125, High,50,0
31,2,M,125, Low,21,0
31,2,F,40, High,1410,0
31,2,F,40, Low,652,0
31,2,F,80, High,247,0
31,2,F,80, Low,96,0
31,2,F,125, High,52,0
31,2,F,125, Low,35,0
31,1,M,40, High,408,13
31,1,M,40, Low,1617,75
31,1,M,80, High,80,4
31,1,M,80, Low,303,19
31,1,M,125, High,22,1
31,1,M,125, Low,52,3
31,1,F,40, High,407,4
31,1,F,40, Low,1651,96
31,1,F,80, High,83,1
31,1,F,80, Low,300,13
31,1,F,125, High,21,0
31,1,F,125, Low,56,1
32,2,M,40, High,1430,0
32,2,M,40, Low,635,0
32,2,M,80, High,260,0
32,2,M,80, Low,112,0
32,2,M,125, High,50,0
32,2,M,125, Low,21,0
32,2,F,40, High,1410,0
32,2,F,40, Low,652,0
32,2,F,80, High,247,0
32,2,F,80, Low,96,0
32,2,F,125, High,52,0
32,2,F,125, Low,35,0
32,1,M,40, High,408,6
32,1,M,40, Low,1617,73
32,1,M,80, High,80,2
32,1,M,80, Low,303,20
32,1,M,125, High,22,1
32,1,M,125, Low,52,2
32,1,F,40, High,407,3
32,1,F,40, Low,1651,86
32,1,F,80, High,83,1
32,1,F,80, Low,300,14
32,1,F,125, High,21,0
32,1,F,125, Low,56,1
33,2,M,40, High,1430,0
33,2,M,40, Low,635,0
33,2,M,80, High,260,0
33,2,M,80, Low,112,0
33,2,M,125, High,50,0
33,2,M,125, Low,21,0
33,2,F,40, High,1410,0
33,2,F,40, Low,652,0
33,2,F,80, High,247,0
33,2,F,80, Low,96,0
33,2,F,125, High,52,0
33,2,F,125, Low,35,0
33,1,M,40, High,408,6
33,1,M,40, Low,1617,73
33,1,M,80, High,80,2
33,1,M,80, Low,303,17
33,1,M,125, High,22,1
33,1,M,125, Low,52,2
33,1,F,40, High,407,1
33,1,F,40, Low,1650,76
33,1,F,80, High,83,1
33,1,F,80, Low,301,12
33,1,F,125, High,21,0
33,1,F,125, Low,56,1
34,2,M,40, High,1430,0
34,2,M,40, Low,635,0
34,2,M,80, High,260,0
34,2,M,80, Low,112,0
34,2,M,125, High,50,0
34,2,M,125, Low,21,0
34,2,F,40, High,1410,0
34,2,F,40, Low,652,0
34,2,F,80, High,247,0
34,2,F,80, Low,96,0
34,2,F,125, High,52,0
34,2,F,125, Low,35,0
34,1,M,40, High,408,3
34,1,M,40, Low,1617,85
34,1,M,80, High,80,2
34,1,M,80, Low,303,16
34,1,M,125, High,22,1
34,1,M,125, Low,52,2
34,1,F,40, High,407,0
34,1,F,40, Low,1650,73
34,1,F,80, High,83,1
34,1,F,80, Low,301,13
34,1,F,125, High,21,0
34,1,F,125, Low,56,1
35,2,M,40, High,1430,0
35,2,M,40, Low,635,0
35,2,M,80, High,260,0
35,2,M,80, Low,112,0
35,2,M,125, High,50,0
35,2,M,125, Low,21,0
35,2,F,40, High,1410,0
35,2,F,40, Low,652,0
35,2,F,80, High,247,0
35,2,F,80, Low,96,0
35,2,F,125, High,52,0
35,2,F,125, Low,35,0
35,1,M,40, High,408,1
35,1,M,40, Low,1617,86
35,1,M,80, High,80,1
35,1,M,80, Low,303,15
35,1,M,125, High,22,0
35,1,M,125, Low,52,3
35,1,F,40, High,407,0
35,1,F,40, Low,1650,73
35,1,F,80, High,83,1
35,1,F,80, Low,301,13
35,1,F,125, High,21,0
35,1,F,125, Low,56,3
36,2,M,40, High,1430,0
36,2,M,40, Low,635,0
36,2,M,80, High,260,0
36,2,M,80, Low,112,0
36,2,M,125, High,50,0
36,2,M,125, Low,21,0
36,2,F,40, High,1410,0
36,2,F,40, Low,652,0
36,2,F,80, High,247,0
36,2,F,80, Low,96,0
36,2,F,125, High,52,0
36,2,F,125, Low,35,0
36,1,M,40, High,408,1
36,1,M,40, Low,1617,76
36,1,M,80, High,80,0
36,1,M,80, Low,303,19
36,1,M,125, High,22,0
36,1,M,125, Low,52,2
36,1,F,40, High,407,0
36,1,F,40, Low,1649,66
36,1,F,80, High,83,1
36,1,F,80, Low,302,10
36,1,F,125, High,21,0
36,1,F,125, Low,56,4
37,2,M,40, High,1430,0
37,2,M,40, Low,635,0
37,2,M,80, High,260,0
37,2,M,80, Low,112,0
37,2,M,125, High,50,0
37,2,M,125, Low,21,0
37,2,F,40, High,1410,0
37,2,F,40, Low,652,0
37,2,F,80, High,247,0
37,2,F,80, Low,96,0
37,2,F,125, High,52,0
37,2,F,125, Low,35,0
37,1,M,40, High,408,1
37,1,M,40, Low,1617,73
37,1,M,80, High,80,0
37,1,M,80, Low,303,19
37,1,M,125, High,22,0
37,1,M,125, Low,52,1
37,1,F,40, High,407,0
37,1,F,40, Low,1649,72
37,1,F,80, High,83,0
37,1,F,80, Low,302,10
37,1,F,125, High,21,0
37,1,F,125, Low,56,4
38,2,M,40, High,1430,0
38,2,M,40, Low,635,0
38,2,M,80, High,260,0
38,2,M,80, Low,112,0
38,2,M,125, High,50,0
38,2,M,125, Low,21,0
38,2,F,40, High,1410,0
38,2,F,40, Low,652,0
38,2,F,80, High,247,0
38,2,F,80, Low,96,0
38,2,F,125, High,52,0
38,2,F,125, Low,35,0
38,1,M,40, High,408,0
38,1,M,40, Low,1617,62
38,1,M,80, High,80,0
38,1,M,80, Low,303,16
38,1,M,125, High,22,0
38,1,M,125, Low,52,1
38,1,F,40, High,407,0
38,1,F,40, Low,1649,73
38,1,F,80, High,83,0
38,1,F,80, Low,302,9
38,1,F,125, High,21,0
38,1,F,125, Low,56,4
39,2,M,40, High,1430,0
39,2,M,40, Low,635,0
39,2,M,80, High,260,0
39,2,M,80, Low,112,0
39,2,M,125, High,50,0
39,2,M,125, Low,21,0
39,2,F,40, High,1410,0
39,2,F,40, Low,652,0
39,2,F,80, High,247,0
39,2,F,80, Low,96,0
39,2,F,125, High,52,0
39,2,F,125, Low,35,0
39,1,M,40, High,408,0
39,1,M,40, Low,1617,50
39,1,M,80, High,80,0
39,1,M,80, Low,303,19
39,1,M,125, High,22,0
39,1,M,125, Low,52,1
39,1,F,40, High,407,0
39,1,F,40, Low,1649,65
39,1,F,80, High,83,0
39,1,F,80, Low,302,6
39,1,F,125, High,21,0
39,1,F,125, Low,56,2
40,2,M,40, High,1430,0
40,2,M,40, Low,635,0
40,2,M,80, High,260,0
40,2,M,80, Low,112,0
40,2,M,125, High,50,0
40,2,M,125, Low,21,0
40,2,F,40, High,1410,0
40,2,F,40, Low,652,0
40,2,F,80, High,247,0
40,2,F,80, Low,96,0
40,2,F,125, High,52,0
40,2,F,125, Low,35,0
40,1,M,40, High,408,0
40,1,M,40, Low,1617,46
40,1,M,80, High,80,0
40,1,M,80, Low,303,14
40,1,M,125, High,22,0
40,1,M,125, Low,52,0
40,1,F,40, High,407,0
40,1,F,40, Low,1649,66
40,1,F,80, High,83,0
40,1,F,80, Low,302,5
40,1,F,125, High,21,0
40,1,F,125, Low,56,2
41,2,M,40, High,1430,0
41,2,M,40, Low,635,0
41,2,M,80, High,260,0
41,2,M,80, Low,112,0
41,2,M,125, High,50,0
41,2,M,125, Low,21,0
41,2,F,40, High,1410,0
41,2,F,40, Low,652,0
41,2,F,80, High,247,0
41,2,F,80, Low,96,0
41,2,F,125, High,52,0
41,2,F,125, Low,35,0
41,1,M,40, High,408,0
41,1,M,40, Low,1616,43
41,1,M,80, High,80,0
41,1,M,80, Low,304,13
41,1,M,125, High,22,0
41,1,M,125, Low,52,0
41,1,F,40, High,407,0
41,1,F,40, Low,1649,66
41,1,F,80, High,83,0
41,1,F,80, Low,302,6
41,1,F,125, High,21,0
41,1,F,125, Low,56,2
42,2,M,40, High,1430,0
42,2,M,40, Low,635,0
42,2,M,80, High,260,0
42,2,M,80, Low,112,0
42,2,M,125, High,50,0
42,2,M,125, Low,21,0
42,2,F,40, High,1410,0
42,2,F,40, Low,652,0
42,2,F,80, High,247,0
42,2,F,80, Low,96,0
42,2,F,125, High,52,0
42,2,F,125, Low,35,0
42,1,M,40, High,408,0
42,1,M,40, Low,1616,47
42,1,M,80, High,80,0
42,1,M,80, Low,304,12
42,1,M,125, High,22,0
42,1,M,125, Low,52,0
42,1,F,40, High,407,0
42,1,F,40, Low,1649,54
42,1,F,80, High,83,0
42,1,F,80, Low,302,5
42,1,F,125, High,21,0
42,1,F,125, Low,56,2
43,2,M,40, High,1430,0
43,2,M,40, Low,635,0
43,2,M,80, High,260,0
43,2,M,80, Low,112,0
43,2,M,125, High,50,0
43,2,M,125, Low,21,0
43,2,F,40, High,1410,0
43,2,F,40, Low,652,0
43,2,F,80, High,247,0
43,2,F,80, Low,96,0
43,2,F,125, High,52,0
43,2,F,125, Low,35,0
43,1,M,40, High,408,0
43,1,M,40, Low,1616,52
43,1,M,80, High,80,0
43,1,M,80, Low,304,8
43,1,M,125, High,22,0
43,1,M,125, Low,52,0
43,1,F,40, High,407,0
43,1,F,40, Low,1649,48
43,1,F,80, High,83,0
43,1,F,80, Low,302,7
43,1,F,125, High,21,0
43,1,F,125, Low,56,1
44,2,M,40, High,1430,0
44,2,M,40, Low,635,0
44,2,M,80, High,260,0
44,2,M,80, Low,112,0
44,2,M,125, High,50,0
44,2,M,125, Low,21,0
44,2,F,40, High,1410,0
44,2,F,40, Low,652,0
44,2,F,80, High,247,0
44,2,F,80, Low,96,0
44,2,F,125, High,52,0
44,2,F,125, Low,35,0
44,1,M,40, High,408,0
44,1,M,40, Low,1616,45
44,1,M,80, High,80,0
44,1,M,80, Low,304,8
44,1,M,125, High,22,0
44,1,M,125, Low,52,0
44,1,F,40, High,407,0
44,1,F,40, Low,1649,44
44,1,F,80, High,83,0
44,1,F,80, Low,302,10
44,1,F,125, High,21,0
44,1,F,125, Low,56,0
45,2,M,40, High,1430,0
45,2,M,40, Low,635,0
45,2,M,80, High,260,0
45,2,M,80, Low,112,0
45,2,M,125, High,50,0
45,2,M,125, Low,21,0
45,2,F,40, High,1410,0
45,2,F,40, Low,652,0
45,2,F,80, High,247,0
45,2,F,80, Low,96,0
45,2,F,125, High,52,0
45,2,F,125, Low,35,0
45,1,M,40, High,408,0
45,1,M,40, Low,1616,41
45,1,M,80, High,80,0
45,1,M,80, Low,304,9
45,1,M,125, High,22,0
45,1,M,125, Low,52,0
45,1,F,40, High,407,0
45,1,F,40, Low,1649,42
45,1,F,80, High,83,0
45,1,F,80, Low,302,11
45,1,F,125, High,21,0
45,1,F,125, Low,56,1
46,2,M,40, High,1430,0
46,2,M,40, Low,635,0
46,2,M,80, High,260,0
46,2,M,80, Low,112,0
46,2,M,125, High,50,0
46,2,M,125, Low,21,0
46,2,F,40, High,1410,0
46,2,F,40, Low,652,0
46,2,F,80, High,247,0
46,2,F,80, Low,96,0
46,2,F,125, High,52,0
46,2,F,125, Low,35,0
46,1,M,40, High,408,0
46,1,M,40, Low,1616,37
46,1,M,80, High,80,0
46,1,M,80, Low,304,6
46,1,M,125, High,22,0
46,1,M,125, Low,52,0
46,1,F,40, High,407,0
46,1,F,40, Low,1649,34
46,1,F,80, High,83,0
46,1,F,80, Low,302,7
46,1,F,125, High,21,0
46,1,F,125, Low,56,2
47,2,M,40, High,1430,0
47,2,M,40, Low,635,0
47,2,M,80, High,260,0
47,2,M,80, Low,112,0
47,2,M,125, High,50,0
47,2,M,125, Low,21,0
47,2,F,40, High,1410,0
47,2,F,40, Low,652,0
47,2,F,80, High,247,0
47,2,F,80, Low,96,0
47,2,F,125, High,52,0
47,2,F,125, Low,35,0
47,1,M,40, High,408,0
47,1,M,40, Low,1616,37
47,1,M,80, High,80,0
47,1,M,80, Low,304,6
47,1,M,125, High,22,0
47,1,M,125, Low,52,0
47,1,F,40, High,407,0
47,1,F,40, Low,1649,26
47,1,F,80, High,83,0
47,1,F,80, Low,302,6
47,1,F,125, High,21,0
47,1,F,125, Low,56,2
48,2,M,40, High,1430,0
48,2,M,40, Low,635,0
48,2,M,80, High,260,0
48,2,M,80, Low,112,0
48,2,M,125, High,50,0
48,2,M,125, Low,21,0
48,2,F,40, High,1410,0
48,2,F,40, Low,652,0
48,2,F,80, High,247,0
48,2,F,80, Low,96,0
48,2,F,125, High,52,0
48,2,F,125, Low,35,0
48,1,M,40, High,408,0
48,1,M,40, Low,1616,30
48,1,M,80, High,80,0
48,1,M,80, Low,304,6
48,1,M,125, High,22,0
48,1,M,125, Low,52,0
48,1,F,40, High,407,0
48,1,F,40, Low,1649,27
48,1,F,80, High,83,0
48,1,F,80, Low,302,4
48,1,F,125, High,21,0
48,1,F,125, Low,56,2
49,2,M,40, High,1430,0
49,2,M,40, Low,635,0
49,2,M,80, High,260,0
49,2,M,80, Low,112,0
49,2,M,125, High,50,0
49,2,M,125, Low,21,0
49,2,F,40, High,1410,0
49,2,F,40, Low,652,0
49,2,F,80, High,247,0
49,2,F,80, Low,96,0
49,2,F,125, High,52,0
49,2,F,125, Low,35,0
49,1,M,40, High,408,0
49,1,M,40, Low,1616,23
49,1,M,80, High,80,0
49,1,M,80, Low,304,6
49,1,M,125, High,22,0
49,1,M,125, Low,52,0
49,1,F,40, High,407,0
49,1,F,40, Low,1649,21
49,1,F,80, High,83,0
49,1,F,80, Low,302,3
49,1,F,125, High,21,0
49,1,F,125, Low,56,0
50,2,M,40, High,1430,0
50,2,M,40, Low,635,0
50,2,M,80, High,260,0
50,2,M,80, Low,112,0
50,2,M,125, High,50,0
50,2,M,125, Low,21,0
50,2,F,40, High,1410,0
50,2,F,40, Low,652,0
50,2,F,80, High,247,0
50,2,F,80, Low,96,0
50,2,F,125, High,52,0
50,2,F,125, Low,35,0
50,1,M,40, High,408,0
50,1,M,40, Low,1616,21
50,1,M,80, High,80,0
50,1,M,80, Low,304,5
50,1,M,125, High,22,0
50,1,M,125, Low,52,0
50,1,F,40, High,407,0
50,1,F,40, Low,1649,14
50,1,F,80, High,83,0
50,1,F,80, Low,302,5
50,1,F,125, High,21,0
50,1,F,125, Low,56,0
51,2,M,40, High,1430,0
51,2,M,40, Low,635,0
51,2,M,80, High,260,0
51,2,M,80, Low,112,0
51,2,M,125, High,50,0
51,2,M,125, Low,21,0
51,2,F,40, High,1410,0
51,2,F,40, Low,652,0
51,2,F,80, High,247,0
51,2,F,80, Low,96,0
51,2,F,125, High,52,0
51,2,F,125, Low,35,0
51,1,M,40, High,408,0
51,1,M,40, Low,1616,17
51,1,M,80, High,80,0
51,1,M,80, Low,304,1
51,1,M,125, High,22,0
51,1,M,125, Low,52,0
51,1,F,40, High,407,0
51,1,F,40, Low,1649,14
51,1,F,80, High,83,0
51,1,F,80, Low,302,4
51,1,F,125, High,21,0
51,1,F,125, Low,56,0
52,2,M,40, High,1430,0
52,2,M,40, Low,635,0
52,2,M,80, High,260,0
52,2,M,80, Low,112,0
52,2,M,125, High,50,0
52,2,M,125, Low,21,0
52,2,F,40, High,1410,0
52,2,F,40, Low,652,0
52,2,F,80, High,247,0
52,2,F,80, Low,96,0
52,2,F,125, High,52,0
52,2,F,125, Low,35,0
52,1,M,40, High,408,0
52,1,M,40, Low,1616,18
52,1,M,80, High,80,0
52,1,M,80, Low,304,1
52,1,M,125, High,22,0
52,1,M,125, Low,52,0
52,1,F,40, High,407,0
52,1,F,40, Low,1648,15
52,1,F,80, High,83,0
52,1,F,80, Low,303,4
52,1,F,125, High,21,0
52,1,F,125, Low,56,0
53,2,M,40, High,1430,0
53,2,M,40, Low,635,0
53,2,M,80, High,260,0
53,2,M,80, Low,112,0
53,2,M,125, High,50,0
53,2,M,125, Low,21,0
53,2,F,40, High,1410,0
53,2,F,40, Low,652,0
53,2,F,80, High,247,0
53,2,F,80, Low,96,0
53,2,F,125, High,52,0
53,2,F,125, Low,35,0
53,1,M,40, High,408,0
53,1,M,40, Low,1616,20
53,1,M,80, High,80,0
53,1,M,80, Low,304,1
53,1,M,125, High,22,0
53,1,M,125, Low,52,0
53,1,F,40, High,407,0
53,1,F,40, Low,1648,11
53,1,F,80, High,83,0
53,1,F,80, Low,303,4
53,1,F,125, High,21,0
53,1,F,125, Low,56,0
54,2,M,40, High,1430,0
54,2,M,40, Low,635,0
54,2,M,80, High,260,0
54,2,M,80, Low,112,0
54,2,M,125, High,50,0
54,2,M,125, Low,21,0
54,2,F,40, High,1410,0
54,2,F,40, Low,652,0
54,2,F,80, High,247,0
54,2,F,80, Low,96,0
54,2,F,125, High,52,0
54,2,F,125, Low,35,0
54,1,M,40, High,408,0
54,1,M,40, Low,1616,15
54,1,M,80, High,80,0
54,1,M,80, Low,304,2
54,1,M,125, High,22,0
54,1,M,125, Low,52,0
54,1,F,40, High,407,0
54,1,F,40, Low,1648,9
54,1,F,80, High,83,0
54,1,F,80, Low,303,1
54,1,F,125, High,21,0
54,1,F,125, Low,56,0
55,2,M,40, High,1430,0
55,2,M,40, Low,635,0
55,2,M,80, High,260,0
55,2,M,80, Low,112,0
55,2,M,125, High,50,0
55,2,M,125, Low,21,0
55,2,F,40, High,1410,0
55,2,F,40, Low,652,0
55,2,F,80, High,247,0
55,2,F,80, Low,96,0
55,2,F,125, High,52,0
55,2,F,125, Low,35,0
55,1,M,40, High,408,0
55,1,M,40, Low,1616,15
55,1,M,80, High,80,0
55,1,M,80, Low,304,1
55,1,M,125, High,22,0
55,1,M,125, Low,52,1
55,1,F,40, High,407,0
55,1,F,40, Low,1647,10
55,1,F,80, High,83,0
55,1,F,80, Low,304,2
55,1,F,125, High,21,0
55,1,F,125, Low,56,0
56,2,M,40, High,1430,0
56,2,M,40, Low,635,0
56,2,M,80, High,260,0
56,2,M,80, Low,112,0
56,2,M,125, High,50,0
56,2,M,125, Low,21,0
56,2,F,40, High,1410,0
56,2,F,40, Low,652,0
56,2,F,80, High,247,0
56,2,F,80, Low,96,0
56,2,F,125, High,52,0
56,2,F,125, Low,35,0
56,1,M,40, High,408,0
56,1,M,40, Low,1616,11
56,1,M,80, High,80,0
56,1,M,80, Low,304,0
56,1,M,125, High,22,0
56,1,M,125, Low,52,1
56,1,F,40, High,407,0
56,1,F,40, Low,1647,8
56,1,F,80, High,83,0
56,1,F,80, Low,304,2
56,1,F,125, High,21,0
56,1,F,125, Low,56,0
57,2,M,40, High,1430,0
57,2,M,40, Low,635,0
57,2,M,80, High,260,0
57,2,M,80, Low,112,0
57,2,M,125, High,50,0
57,2,M,125, Low,21,0
57,2,F,40, High,1410,0
57,2,F,40, Low,652,0
57,2,F,80, High,247,0
57,2,F,80, Low,96,0
57,2,F,125, High,52,0
57,2,F,125, Low,35,0
57,1,M,40, High,408,0
57,1,M,40, Low,1616,12
57,1,M,80, High,80,0
57,1,M,80, Low,304,0
57,1,M,125, High,22,0
57,1,M,125, Low,52,0
57,1,F,40, High,407,0
57,1,F,40, Low,1647,5
57,1,F,80, High,83,0
57,1,F,80, Low,304,2
57,1,F,125, High,21,0
57,1,F,125, Low,56,0
58,2,M,40, High,1430,0
58,2,M,40, Low,635,0
58,2,M,80, High,260,0
58,2,M,80, Low,112,0
58,2,M,125, High,50,0
58,2,M,125, Low,21,0
58,2,F,40, High,1410,0
58,2,F,40, Low,652,0
58,2,F,80, High,247,0
58,2,F,80, Low,96,0
58,2,F,125, High,52,0
58,2,F,125, Low,35,0
58,1,M,40, High,408,0
58,1,M,40, Low,1616,13
58,1,M,80, High,80,0
58,1,M,80, Low,304,2
58,1,M,125, High,22,0
58,1,M,125, Low,52,0
58,1,F,40, High,407,0
58,1,F,40, Low,1647,7
58,1,F,80, High,83,0
58,1,F,80, Low,304,1
58,1,F,125, High,21,0
58,1,F,125, Low,56,1
59,2,M,40, High,1430,0
59,2,M,40, Low,635,0
59,2,M,80, High,260,0
59,2,M,80, Low,112,0
59,2,M,125, High,50,0
59,2,M,125, Low,21,0
59,2,F,40, High,1410,0
59,2,F,40, Low,652,0
59,2,F,80, High,247,0
59,2,F,80, Low,96,0
59,2,F,125, High,52,0
59,2,F,125, Low,35,0
59,1,M,40, High,408,0
59,1,M,40, Low,1616,14
59,1,M,80, High,80,0
59,1,M,80, Low,304,2
59,1,M,125, High,22,0
59,1,M,125, Low,52,0
59,1,F,40, High,407,0
59,1,F,40, Low,1647,7
59,1,F,80, High,83,0
59,1,F,80, Low,304,1
59,1,F,125, High,21,0
59,1,F,125, Low,56,0
60,2,M,40, High,1430,0
60,2,M,40, Low,635,0
60,2,M,80, High,260,0
60,2,M,80, Low,112,0
60,2,M,125, High,50,0
60,2,M,125, Low,21,0
60,2,F,40, High,1410,0
60,2,F,40, Low,652,0
60,2,F,80, High,247,0
60,2,F,80, Low,96,0
60,2,F,125, High,52,0
60,2,F,125, Low,35,0
60,1,M,40, High,408,0
60,1,M,40, Low,1616,15
60,1,M,80, High,80,0
60,1,M,80, Low,304,2
60,1,M,125, High,22,0
60,1,M,125, Low,52,0
60,1,F,40, High,407,0
60,1,F,40, Low,1647,7
60,1,F,80, High,83,0
60,1,F,80, Low,304,3
60,1,F,125, High,21,0
60,1,F,125, Low,56,0
61,2,M,40, High,1430,0
61,2,M,40, Low,635,0
61,2,M,80, High,260,0
61,2,M,80, Low,112,0
61,2,M,125, High,50,0
61,2,M,125, Low,21,0
61,2,F,40, High,1410,0
61,2,F,40, Low,652,0
61,2,F,80, High,247,0
61,2,F,80, Low,96,0
61,2,F,125, High,52,0
61,2,F,125, Low,35,0
61,1,M,40, High,408,0
61,1,M,40, Low,1616,12
61,1,M,80, High,80,0
61,1,M,80, Low,304,2
61,1,M,125, High,22,0
61,1,M,125, Low,52,0
61,1,F,40, High,407,0
61,1,F,40, Low,1647,4
61,1,F,80, High,83,0
61,1,F,80, Low,304,2
61,1,F,125, High,21,0
61,1,F,125, Low,56,1
62,2,M,40, High,1430,0
62,2,M,40, Low,635,0
62,2,M,80, High,260,0
62,2,M,80, Low,112,0
62,2,M,125, High,50,0
62,2,M,125, Low,21,0
62,2,F,40, High,1410,0
62,2,F,40, Low,652,0
62,2,F,80, High,247,0
62,2,F,80, Low,96,0
62,2,F,125, High,52,0
62,2,F,125, Low,35,0
62,1,M,40, High,408,0
62,1,M,40, Low,1616,9
62,1,M,80, High,80,0
62,1,M,80, Low,304,2
62,1,M,125, High,22,0
62,1,M,125, Low,52,2
62,1,F,40, High,407,0
62,1,F,40, Low,1647,5
62,1,F,80, High,83,0
62,1,F,80, Low,304,1
62,1,F,125, High,21,0
62,1,F,125, Low,56,1
63,2,M,40, High,1430,0
63,2,M,40, Low,635,0
63,2,M,80, High,260,0
63,2,M,80, Low,112,0
63,2,M,125, High,50,0
63,2,M,125, Low,21,0
63,2,F,40, High,1410,0
63,2,F,40, Low,652,0
63,2,F,80, High,247,0
63,2,F,80, Low,96,0
63,2,F,125, High,52,0
63,2,F,125, Low,35,0
63,1,M,40, High,408,0
63,1,M,40, Low,1616,9
63,1,M,80, High,80,0
63,1,M,80, Low,304,1
63,1,M,125, High,22,0
63,1,M,125, Low,52,2
63,1,F,40, High,407,0
63,1,F,40, Low,1647,7
63,1,F,80, High,83,0
63,1,F,80, Low,304,1
63,1,F,125, High,21,0
63,1,F,125, Low,56,0
64,2,M,40, High,1430,0
64,2,M,40, Low,635,0
64,2,M,80, High,260,0
64,2,M,80, Low,112,0
64,2,M,125, High,50,0
64,2,M,125, Low,21,0
64,2,F,40, High,1410,0
64,2,F,40, Low,652,0
64,2,F,80, High,247,0
64,2,F,80, Low,96,0
64,2,F,125, High,52,0
64,2,F,125, Low,35,0
64,1,M,40, High,408,0
64,1,M,40, Low,1616,9
64,1,M,80, High,80,0
64,1,M,80, Low,304,2
64,1,M,125, High,22,0
64,1,M,125, Low,52,2
64,1,F,40, High,407,0
64,1,F,40, Low,1647,7
64,1,F,80, High,83,0
64,1,F,80, Low,304,1
64,1,F,125, High,21,0
64,1,F,125, Low,56,0
65,2,M,40, High,1430,0
65,2,M,40, Low,635,0
65,2,M,80, High,260,0
65,2,M,80, Low,112,0
65,2,M,125, High,50,0
65,2,M,125, Low,21,0
65,2,F,40, High,1410,0
65,2,F,40, Low,652,0
65,2,F,80, High,247,0
65,2,F,80, Low,96,0
65,2,F,125, High,52,0
65,2,F,125, Low,35,0
65,1,M,40, High,408,0
65,1,M,40, Low,1616,5
65,1,M,80, High,80,0
65,1,M,80, Low,304,2
65,1,M,125, High,22,0
65,1,M,125, Low,52,2
65,1,F,40, High,407,0
65,1,F,40, Low,1647,9
65,1,F,80, High,83,0
65,1,F,80, Low,304,2
65,1,F,125, High,21,0
65,1,F,125, Low,56,0
66,2,M,40, High,1430,0
66,2,M,40, Low,635,0
66,2,M,80, High,260,0
66,2,M,80, Low,112,0
66,2,M,125, High,50,0
66,2,M,125, Low,21,0
66,2,F,40, High,1410,0
66,2,F,40, Low,652,0
66,2,F,80, High,247,0
66,2,F,80, Low,96,0
66,2,F,125, High,52,0
66,2,F,125, Low,35,0
66,1,M,40, High,408,0
66,1,M,40, Low,1616,5
66,1,M,80, High,80,0
66,1,M,80, Low,304,1
66,1,M,125, High,22,0
66,1,M,125, Low,52,2
66,1,F,40, High,407,0
66,1,F,40, Low,1647,6
66,1,F,80, High,83,0
66,1,F,80, Low,304,1
66,1,F,125, High,21,0
66,1,F,125, Low,56,0
67,2,M,40, High,1430,0
67,2,M,40, Low,635,0
67,2,M,80, High,260,0
67,2,M,80, Low,112,0
67,2,M,125, High,50,0
67,2,M,125, Low,21,0
67,2,F,40, High,1410,0
67,2,F,40, Low,652,0
67,2,F,80, High,247,0
67,2,F,80, Low,96,0
67,2,F,125, High,52,0
67,2,F,125, Low,35,0
67,1,M,40, High,408,0
67,1,M,40, Low,1616,3
67,1,M,80, High,80,0
67,1,M,80, Low,304,1
67,1,M,125, High,22,0
67,1,M,125, Low,52,0
67,1,F,40, High,407,0
67,1,F,40, Low,1647,3
67,1,F,80, High,83,0
67,1,F,80, Low,304,0
67,1,F,125, High,21,0
67,1,F,125, Low,56,0
68,2,M,40, High,1430,0
68,2,M,40, Low,635,0
68,2,M,80, High,260,0
68,2,M,80, Low,112,0
68,2,M,125, High,50,0
68,2,M,125, Low,21,0
68,2,F,40, High,1410,0
68,2,F,40, Low,652,0
68,2,F,80, High,247,0
68,2,F,80, Low,96,0
68,2,F,125, High,52,0
68,2,F,125, Low,35,0
68,1,M,40, High,408,0
68,1,M,40, Low,1616,4
68,1,M,80, High,80,0
68,1,M,80, Low,304,0
68,1,M,125, High,22,0
68,1,M,125, Low,52,0
68,1,F,40, High,407,0
68,1,F,40, Low,1647,3
68,1,F,80, High,83,0
68,1,F,80, Low,304,0
68,1,F,125, High,21,0
68,1,F,125, Low,56,0
69,2,M,40, High,1430,0
69,2,M,40, Low,635,0
69,2,M,80, High,260,0
69,2,M,80, Low,112,0
69,2,M,125, High,50,0
69,2,M,125, Low,21,0
69,2,F,40, High,1410,0
69,2,F,40, Low,652,0
69,2,F,80, High,247,0
69,2,F,80, Low,96,0
69,2,F,125, High,52,0
69,2,F,125, Low,35,0
69,1,M,40, High,408,0
69,1,M,40, Low,1615,3
69,1,M,80, High,80,0
69,1,M,80, Low,305,0
69,1,M,125, High,22,0
69,1,M,125, Low,52,0
69,1,F,40, High,407,0
69,1,F,40, Low,1647,2
69,1,F,80, High,83,0
69,1,F,80, Low,304,0
69,1,F,125, High,21,0
69,1,F,125, Low,56,0
70,2,M,40, High,1430,0
70,2,M,40, Low,635,0
70,2,M,80, High,260,0
70,2,M,80, Low,112,0
70,2,M,125, High,50,0
70,2,M,125, Low,21,0
70,2,F,40, High,1410,0
70,2,F,40, Low,652,0
70,2,F,80, High,247,0
70,2,F,80, Low,96,0
70,2,F,125, High,52,0
70,2,F,125, Low,35,0
70,1,M,40, High,408,0
70,1,M,40, Low,1615,2
70,1,M,80, High,80,0
70,1,M,80, Low,305,0
70,1,M,125, High,22,0
70,1,M,125, Low,52,0
70,1,F,40, High,407,0
70,1,F,40, Low,1647,1
70,1,F,80, High,83,0
70,1,F,80, Low,304,0
70,1,F,125, High,21,0
70,1,F,125, Low,56,0
71,2,M,40, High,1430,0
71,2,M,40, Low,635,0
71,2,M,80, High,260,0
71,2,M,80, Low,112,0
71,2,M,125, High,50,0
71,2,M,125, Low,21,0
71,2,F,40, High,1410,0
71,2,F,40, Low,652,0
71,2,F,80, High,247,0
71,2,F,80, Low,96,0
71,2,F,125, High,52,0
71,2,F,125, Low,35,0
71,1,M,40, High,408,0
71,1,M,40, Low,1615,1
71,1,M,80, High,80,0
71,1,M,80, Low,305,0
71,1,M,125, High,22,0
71,1,M,125, Low,52,0
71,1,F,40, High,407,0
71,1,F,40, Low,1647,1
71,1,F,80, High,83,0
71,1,F,80, Low,304,0
71,1,F,125, High,21,0
71,1,F,125, Low,56,0
72,2,M,40, High,1430,0
72,2,M,40, Low,635,0
72,2,M,80, High,260,0
72,2,M,80, Low,112,0
72,2,M,125, High,50,0
72,2,M,125, Low,21,0
72,2,F,40, High,1410,0
72,2,F,40, Low,652,0
72,2,F,80, High,247,0
72,2,F,80, Low,96,0
72,2,F,125, High,52,0
72,2,F,125, Low,35,0
72,1,M,40, High,408,0
72,1,M,40, Low,1615,1
72,1,M,80, High,80,0
72,1,M,80, Low,305,0
72,1,M,125, High,22,0
72,1,M,125, Low,52,0
72,1,F,40, High,407,0
72,1,F,40, Low,1647,1
72,1,F,80, High,83,0
72,1,F,80, Low,304,0
72,1,F,125, High,21,0
72,1,F,125, Low,56,0
73,2,M,40, High,1430,0
73,2,M,40, Low,635,0
73,2,M,80, High,260,0
73,2,M,80, Low,112,0
73,2,M,125, High,50,0
73,2,M,125, Low,21,0
73,2,F,40, High,1410,0
73,2,F,40, Low,652,0
73,2,F,80, High,247,0
73,2,F,80, Low,96,0
73,2,F,125, High,52,0
73,2,F,125, Low,35,0
73,1,M,40, High,408,0
73,1,M,40, Low,1615,1
73,1,M,80, High,80,0
73,1,M,80, Low,305,0
73,1,M,125, High,22,0
73,1,M,125, Low,52,0
73,1,F,40, High,407,0
73,1,F,40, Low,1647,0
73,1,F,80, High,83,0
73,1,F,80, Low,304,0
73,1,F,125, High,21,0
73,1,F,125, Low,56,0
74,2,M,40, High,1429,0
74,2,M,40, Low,635,0
74,2,M,80, High,261,0
74,2,M,80, Low,112,0
74,2,M,125, High,50,0
74,2,M,125, Low,21,0
74,2,F,40, High,1410,0
74,2,F,40, Low,652,0
74,2,F,80, High,247,0
74,2,F,80, Low,96,0
74,2,F,125, High,52,0
74,2,F,125, Low,35,0
74,1,M,40, High,408,0
74,1,M,40, Low,1615,1
74,1,M,80, High,80,0
74,1,M,80, Low,305,0
74,1,M,125, High,22,0
74,1,M,125, Low,52,0
74,1,F,40, High,407,0
74,1,F,40, Low,1647,0
74,1,F,80, High,83,0
74,1,F,80, Low,304,0
74,1,F,125, High,21,0
74,1,F,125, Low,56,0
75,2,M,40, High,1429,37
75,2,M,40, Low,635,3
75,2,M,80, High,261,12
75,2,M,80, Low,112,0
75,2,M,125, High,50,2
75,2,M,125, Low,21,0
75,2,F,40, High,1410,44
75,2,F,40, Low,652,2
75,2,F,80, High,247,4
75,2,F,80, Low,96,1
75,2,F,125, High,52,0
75,2,F,125, Low,35,0
75,1,M,40, High,408,0
75,1,M,40, Low,1615,0
75,1,M,80, High,80,0
75,1,M,80, Low,305,0
75,1,M,125, High,22,0
75,1,M,125, Low,52,0
75,1,F,40, High,407,0
75,1,F,40, Low,1647,0
75,1,F,80, High,83,0
75,1,F,80, Low,304,0
75,1,F,125, High,21,0
75,1,F,125, Low,56,0
76,2,M,40, High,1429,24
76,2,M,40, Low,635,3
76,2,M,80, High,261,7
76,2,M,80, Low,112,0
76,2,M,125, High,50,2
76,2,M,125, Low,21,0
76,2,F,40, High,1410,32
76,2,F,40, Low,652,3
76,2,F,80, High,247,4
76,2,F,80, Low,96,2
76,2,F,125, High,52,0
76,2,F,125, Low,35,0
76,1,M,40, High,408,0
76,1,M,40, Low,1615,0
76,1,M,80, High,80,0
76,1,M,80, Low,305,0
76,1,M,125, High,22,0
76,1,M,125, Low,52,0
76,1,F,40, High,407,0
76,1,F,40, Low,1647,0
76,1,F,80, High,83,0
76,1,F,80, Low,304,0
76,1,F,125, High,21,0
76,1,F,125, Low,56,0
77,2,M,40, High,1429,13
77,2,M,40, Low,635,7
77,2,M,80, High,261,4
77,2,M,80, Low,112,1
77,2,M,125, High,50,1
77,2,M,125, Low,21,0
77,2,F,40, High,1410,25
77,2,F,40, Low,652,9
77,2,F,80, High,247,3
77,2,F,80, Low,96,1
77,2,F,125, High,52,0
77,2,F,125, Low,35,1
77,1,M,40, High,408,0
77,1,M,40, Low,1615,0
77,1,M,80, High,80,0
77,1,M,80, Low,305,0
77,1,M,125, High,22,0
77,1,M,125, Low,52,0
77,1,F,40, High,407,0
77,1,F,40, Low,1647,0
77,1,F,80, High,83,0
77,1,F,80, Low,304,0
77,1,F,125, High,21,0
77,1,F,125, Low,56,0
78,2,M,40, High,1429,11
78,2,M,40, Low,635,8
78,2,M,80, High,261,2
78,2,M,80, Low,112,0
78,2,M,125, High,50,1
78,2,M,125, Low,21,0
78,2,F,40, High,1410,16
78,2,F,40, Low,652,11
78,2,F,80, High,247,2
78,2,F,80, Low,96,1
78,2,F,125, High,52,0
78,2,F,125, Low,35,2
78,1,M,40, High,408,0
78,1,M,40, Low,1615,0
78,1,M,80, High,80,0
78,1,M,80, Low,305,0
78,1,M,125, High,22,0
78,1,M,125, Low,52,0
78,1,F,40, High,407,0
78,1,F,40, Low,1647,0
78,1,F,80, High,83,0
78,1,F,80, Low,304,0
78,1,F,125, High,21,0
78,1,F,125, Low,56,0
79,2,M,40, High,1429,10
79,2,M,40, Low,635,12
79,2,M,80, High,261,1
79,2,M,80, Low,112,0
79,2,M,125, High,50,0
79,2,M,125, Low,21,0
79,2,F,40, High,1410,11
79,2,F,40, Low,652,21
79,2,F,80, High,247,1
79,2,F,80, Low,96,4
79,2,F,125, High,52,0
79,2,F,125, Low,35,3
79,1,M,40, High,408,0
79,1,M,40, Low,1615,0
79,1,M,80, High,80,0
79,1,M,80, Low,305,0
79,1,M,125, High,22,0
79,1,M,125, Low,52,0
79,1,F,40, High,407,0
79,1,F,40, Low,1647,0
79,1,F,80, High,83,0
79,1,F,80, Low,304,0
79,1,F,125, High,21,0
79,1,F,125, Low,56,0
80,2,M,40, High,1429,8
80,2,M,40, Low,635,18
80,2,M,80, High,261,1
80,2,M,80, Low,112,0
80,2,M,125, High,50,0
80,2,M,125, Low,21,0
80,2,F,40, High,1410,16
80,2,F,40, Low,652,24
80,2,F,80, High,247,1
80,2,F,80, Low,96,3
80,2,F,125, High,52,0
80,2,F,125, Low,35,3
80,1,M,40, High,408,0
80,1,M,40, Low,1615,0
80,1,M,80, High,80,0
80,1,M,80, Low,305,0
80,1,M,125, High,22,0
80,1,M,125, Low,52,0
80,1,F,40, High,407,0
80,1,F,40, Low,1647,0
80,1,F,80, High,83,0
80,1,F,80, Low,304,0
80,1,F,125, High,21,0
80,1,F,125, Low,56,0
81,2,M,40, High,1429,5
81,2,M,40, Low,635,32
81,2,M,80, High,261,3
81,2,M,80, Low,112,2
81,2,M,125, High,50,0
81,2,M,125, Low,21,0
81,2,F,40, High,1410,12
81,2,F,40, Low,652,29
81,2,F,80, High,247,3
81,2,F,80, Low,96,4
81,2,F,125, High,52,0
81,2,F,125, Low,35,1
81,1,M,40, High,408,0
81,1,M,40, Low,1615,0
81,1,M,80, High,80,0
81,1,M,80, Low,305,0
81,1,M,125, High,22,0
81,1,M,125, Low,52,0
81,1,F,40, High,407,0
81,1,F,40, Low,1647,0
81,1,F,80, High,83,0
81,1,F,80, Low,304,0
81,1,F,125, High,21,0
81,1,F,125, Low,56,0
82,2,M,40, High,1429,7
82,2,M,40, Low,635,44
82,2,M,80, High,261,2
82,2,M,80, Low,112,3
82,2,M,125, High,50,0
82,2,M,125, Low,21,0
82,2,F,40, High,1410,8
82,2,F,40, Low,652,42
82,2,F,80, High,247,2
82,2,F,80, Low,96,6
82,2,F,125, High,52,0
82,2,F,125, Low,35,2
82,1,M,40, High,408,0
82,1,M,40, Low,1615,0
82,1,M,80, High,80,0
82,1,M,80, Low,305,0
82,1,M,125, High,22,0
82,1,M,125, Low,52,0
82,1,F,40, High,407,0
82,1,F,40, Low,1647,0
82,1,F,80, High,83,0
82,1,F,80, Low,304,0
82,1,F,125, High,21,0
82,1,F,125, Low,56,0
83,2,M,40, High,1429,6
83,2,M,40, Low,635,43
83,2,M,80, High,261,1
83,2,M,80, Low,112,9
83,2,M,125, High,50,0
83,2,M,125, Low,21,0
83,2,F,40, High,1410,8
83,2,F,40, Low,652,44
83,2,F,80, High,247,4
83,2,F,80, Low,96,11
83,2,F,125, High,52,0
83,2,F,125, Low,35,2
83,1,M,40, High,408,0
83,1,M,40, Low,1615,0
83,1,M,80, High,80,0
83,1,M,80, Low,305,0
83,1,M,125, High,22,0
83,1,M,125, Low,52,0
83,1,F,40, High,407,0
83,1,F,40, Low,1647,0
83,1,F,80, High,83,0
83,1,F,80, Low,304,0
83,1,F,125, High,21,0
83,1,F,125, Low,56,0
84,2,M,40, High,1429,9
84,2,M,40, Low,635,58
84,2,M,80, High,261,2
84,2,M,80, Low,112,15
84,2,M,125, High,50,0
84,2,M,125, Low,21,1
84,2,F,40, High,1410,15
84,2,F,40, Low,652,63
84,2,F,80, High,247,5
84,2,F,80, Low,96,8
84,2,F,125, High,52,0
84,2,F,125, Low,35,6
84,1,M,40, High,408,0
84,1,M,40, Low,1614,0
84,1,M,80, High,80,0
84,1,M,80, Low,306,0
84,1,M,125, High,22,0
84,1,M,125, Low,52,0
84,1,F,40, High,407,0
84,1,F,40, Low,1647,0
84,1,F,80, High,83,0
84,1,F,80, Low,304,0
84,1,F,125, High,21,0
84,1,F,125, Low,56,0
85,2,M,40, High,1429,11
85,2,M,40, Low,635,81
85,2,M,80, High,261,5
85,2,M,80, Low,112,13
85,2,M,125, High,50,0
85,2,M,125, Low,21,2
85,2,F,40, High,1410,19
85,2,F,40, Low,652,79
85,2,F,80, High,247,6
85,2,F,80, Low,96,13
85,2,F,125, High,52,0
85,2,F,125, Low,35,6
85,1,M,40, High,408,0
85,1,M,40, Low,1613,0
85,1,M,80, High,80,0
85,1,M,80, Low,307,0
85,1,M,125, High,22,0
85,1,M,125, Low,52,0
85,1,F,40, High,407,0
85,1,F,40, Low,1647,0
85,1,F,80, High,83,0
85,1,F,80, Low,304,0
85,1,F,125, High,21,0
85,1,F,125, Low,56,0
86,2,M,40, High,1429,24
86,2,M,40, Low,635,108
86,2,M,80, High,261,5
86,2,M,80, Low,112,11
86,2,M,125, High,50,0
86,2,M,125, Low,21,4
86,2,F,40, High,1410,20
86,2,F,40, Low,652,99
86,2,F,80, High,247,7
86,2,F,80, Low,96,15
86,2,F,125, High,52,2
86,2,F,125, Low,35,4
86,1,M,40, High,408,0
86,1,M,40, Low,1613,0
86,1,M,80, High,80,0
86,1,M,80, Low,307,0
86,1,M,125, High,22,0
86,1,M,125, Low,52,0
86,1,F,40, High,407,0
86,1,F,40, Low,1647,0
86,1,F,80, High,83,0
86,1,F,80, Low,304,0
86,1,F,125, High,21,0
86,1,F,125, Low,56,0
87,2,M,40, High,1429,33
87,2,M,40, Low,635,119
87,2,M,80, High,261,7
87,2,M,80, Low,112,15
87,2,M,125, High,50,0
87,2,M,125, Low,21,5
87,2,F,40, High,1410,19
87,2,F,40, Low,652,105
87,2,F,80, High,247,6
87,2,F,80, Low,96,14
87,2,F,125, High,52,3
87,2,F,125, Low,35,4
87,1,M,40, High,408,0
87,1,M,40, Low,1613,0
87,1,M,80, High,80,0
87,1,M,80, Low,307,0
87,1,M,125, High,22,0
87,1,M,125, Low,52,0
87,1,F,40, High,407,0
87,1,F,40, Low,1647,0
87,1,F,80, High,83,0
87,1,F,80, Low,304,0
87,1,F,125, High,21,0
87,1,F,125, Low,56,0
88,2,M,40, High,1429,43
88,2,M,40, Low,635,130
88,2,M,80, High,261,5
88,2,M,80, Low,112,20
88,2,M,125, High,50,0
88,2,M,125, Low,21,5
88,2,F,40, High,1410,23
88,2,F,40, Low,652,115
88,2,F,80, High,247,6
88,2,F,80, Low,96,18
88,2,F,125, High,52,3
88,2,F,125, Low,35,4
88,1,M,40, High,408,0
88,1,M,40, Low,1613,0
88,1,M,80, High,80,0
88,1,M,80, Low,307,0
88,1,M,125, High,22,0
88,1,M,125, Low,52,0
88,1,F,40, High,407,0
88,1,F,40, Low,1647,0
88,1,F,80, High,83,0
88,1,F,80, Low,304,0
88,1,F,125, High,21,0
88,1,F,125, Low,56,0
89,2,M,40, High,1429,44
89,2,M,40, Low,635,144
89,2,M,80, High,261,6
89,2,M,80, Low,112,24
89,2,M,125, High,50,0
89,2,M,125, Low,21,4
89,2,F,40, High,1410,37
89,2,F,40, Low,652,136
89,2,F,80, High,247,12
89,2,F,80, Low,96,26
89,2,F,125, High,52,1
89,2,F,125, Low,35,6
89,1,M,40, High,408,0
89,1,M,40, Low,1613,0
89,1,M,80, High,80,0
89,1,M,80, Low,307,0
89,1,M,125, High,22,0
89,1,M,125, Low,52,0
89,1,F,40, High,407,0
89,1,F,40, Low,1647,0
89,1,F,80, High,83,0
89,1,F,80, Low,304,0
89,1,F,125, High,21,0
89,1,F,125, Low,56,0
90,2,M,40, High,1429,45
90,2,M,40, Low,635,153
90,2,M,80, High,261,7
90,2,M,80, Low,112,25
90,2,M,125, High,50,1
90,2,M,125, Low,21,3
90,2,F,40, High,1410,47
90,2,F,40, Low,652,126
90,2,F,80, High,247,15
90,2,F,80, Low,96,28
90,2,F,125, High,52,1
90,2,F,125, Low,35,5
90,1,M,40, High,408,0
90,1,M,40, Low,1613,0
90,1,M,80, High,80,0
90,1,M,80, Low,307,0
90,1,M,125, High,22,0
90,1,M,125, Low,52,0
90,1,F,40, High,407,0
90,1,F,40, Low,1647,0
90,1,F,80, High,83,0
90,1,F,80, Low,304,0
90,1,F,125, High,21,0
90,1,F,125, Low,56,0
91,2,M,40, High,1429,63
91,2,M,40, Low,635,155
91,2,M,80, High,261,8
91,2,M,80, Low,112,27
91,2,M,125, High,50,1
91,2,M,125, Low,21,3
91,2,F,40, High,1410,56
91,2,F,40, Low,652,149
91,2,F,80, High,247,12
91,2,F,80, Low,96,27
91,2,F,125, High,52,1
91,2,F,125, Low,35,3
91,1,M,40, High,408,0
91,1,M,40, Low,1613,0
91,1,M,80, High,80,0
91,1,M,80, Low,307,0
91,1,M,125, High,22,0
91,1,M,125, Low,52,0
91,1,F,40, High,407,0
91,1,F,40, Low,1647,0
91,1,F,80, High,83,0
91,1,F,80, Low,304,0
91,1,F,125, High,21,0
91,1,F,125, Low,56,0
92,2,M,40, High,1429,61
92,2,M,40, Low,635,155
92,2,M,80, High,261,11
92,2,M,80, Low,112,24
92,2,M,125, High,50,1
92,2,M,125, Low,21,4
92,2,F,40, High,1410,71
92,2,F,40, Low,652,139
92,2,F,80, High,247,14
92,2,F,80, Low,96,21
92,2,F,125, High,52,2
92,2,F,125, Low,35,2
92,1,M,40, High,408,0
92,1,M,40, Low,1613,0
92,1,M,80, High,80,0
92,1,M,80, Low,307,0
92,1,M,125, High,22,0
92,1,M,125, Low,52,0
92,1,F,40, High,407,0
92,1,F,40, Low,1647,0
92,1,F,80, High,83,0
92,1,F,80, Low,304,0
92,1,F,125, High,21,0
92,1,F,125, Low,56,0
93,2,M,40, High,1429,73
93,2,M,40, Low,635,130
93,2,M,80, High,261,12
93,2,M,80, Low,112,19
93,2,M,125, High,50,3
93,2,M,125, Low,21,6
93,2,F,40, High,1410,74
93,2,F,40, Low,652,142
93,2,F,80, High,247,13
93,2,F,80, Low,96,17
93,2,F,125, High,52,3
93,2,F,125, Low,35,5
93,1,M,40, High,408,0
93,1,M,40, Low,1613,0
93,1,M,80, High,80,0
93,1,M,80, Low,307,0
93,1,M,125, High,22,0
93,1,M,125, Low,52,0
93,1,F,40, High,407,0
93,1,F,40, Low,1647,0
93,1,F,80, High,83,0
93,1,F,80, Low,304,0
93,1,F,125, High,21,0
93,1,F,125, Low,56,0
94,2,M,40, High,1429,82
94,2,M,40, Low,635,122
94,2,M,80, High,261,15
94,2,M,80, Low,112,16
94,2,M,125, High,50,3
94,2,M,125, Low,21,6
94,2,F,40, High,1410,68
94,2,F,40, Low,651,131
94,2,F,80, High,247,11
94,2,F,80, Low,97,20
94,2,F,125, High,52,1
94,2,F,125, Low,35,6
94,1,M,40, High,408,0
94,1,M,40, Low,1613,0
94,1,M,80, High,80,0
94,1,M,80, Low,307,0
94,1,M,125, High,22,0
94,1,M,125, Low,52,0
94,1,F,40, High,407,0
94,1,F,40, Low,1647,0
94,1,F,80, High,83,0
94,1,F,80, Low,304,0
94,1,F,125, High,21,0
94,1,F,125, Low,56,0
95,2,M,40, High,1429,88
95,2,M,40, Low,635,92
95,2,M,80, High,261,16
95,2,M,80, Low,112,19
95,2,M,125, High,50,3
95,2,M,125, Low,21,3
95,2,F,40, High,1410,65
95,2,F,40, Low,651,105
95,2,F,80, High,247,12
95,2,F,80, Low,97,8
95,2,F,125, High,52,1
95,2,F,125, Low,35,4
95,1,M,40, High,408,0
95,1,M,40, Low,1613,0
95,1,M,80, High,80,0
95,1,M,80, Low,307,0
95,1,M,125, High,22,0
95,1,M,125, Low,52,0
95,1,F,40, High,407,0
95,1,F,40, Low,1646,0
95,1,F,80, High,83,0
95,1,F,80, Low,305,0
95,1,F,125, High,21,0
95,1,F,125, Low,56,0
96,2,M,40, High,1428,87
96,2,M,40, Low,635,78
96,2,M,80, High,262,12
96,2,M,80, Low,112,23
96,2,M,125, High,50,1
96,2,M,125, Low,21,5
96,2,F,40, High,1410,64
96,2,F,40, Low,651,85
96,2,F,80, High,247,13
96,2,F,80, Low,97,8
96,2,F,125, High,52,0
96,2,F,125, Low,35,4
96,1,M,40, High,408,0
96,1,M,40, Low,1613,0
96,1,M,80, High,80,0
96,1,M,80, Low,307,0
96,1,M,125, High,22,0
96,1,M,125, Low,52,0
96,1,F,40, High,407,0
96,1,F,40, Low,1646,0
96,1,F,80, High,83,0
96,1,F,80, Low,305,0
96,1,F,125, High,21,0
96,1,F,125, Low,56,0
97,2,M,40, High,1428,71
97,2,M,40, Low,635,56
97,2,M,80, High,262,12
97,2,M,80, Low,112,15
97,2,M,125, High,50,3
97,2,M,125, Low,21,3
97,2,F,40, High,1410,64
97,2,F,40, Low,651,68
97,2,F,80, High,247,13
97,2,F,80, Low,97,8
97,2,F,125, High,52,1
97,2,F,125, Low,35,6
97,1,M,40, High,408,0
97,1,M,40, Low,1613,0
97,1,M,80, High,80,0
97,1,M,80, Low,307,0
97,1,M,125, High,22,0
97,1,M,125, Low,52,0
97,1,F,40, High,407,0
97,1,F,40, Low,1646,0
97,1,F,80, High,83,0
97,1,F,80, Low,305,0
97,1,F,125, High,21,0
97,1,F,125, Low,56,0
98,2,M,40, High,1428,61
98,2,M,40, Low,635,38
98,2,M,80, High,262,12
98,2,M,80, Low,112,8
98,2,M,125, High,50,2
98,2,M,125, Low,21,1
98,2,F,40, High,1410,57
98,2,F,40, Low,651,52
98,2,F,80, High,247,11
98,2,F,80, Low,97,6
98,2,F,125, High,52,2
98,2,F,125, Low,35,7
98,1,M,40, High,408,0
98,1,M,40, Low,1613,0
98,1,M,80, High,80,0
98,1,M,80, Low,307,0
98,1,M,125, High,22,0
98,1,M,125, Low,52,0
98,1,F,40, High,407,0
98,1,F,40, Low,1646,0
98,1,F,80, High,83,0
98,1,F,80, Low,305,0
98,1,F,125, High,21,0
98,1,F,125, Low,56,0
99,2,M,40, High,1428,54
99,2,M,40, Low,635,23
99,2,M,80, High,262,12
99,2,M,80, Low,112,4
99,2,M,125, High,50,2
99,2,M,125, Low,21,2
99,2,F,40, High,1410,43
99,2,F,40, Low,651,39
99,2,F,80, High,247,10
99,2,F,80, Low,97,5
99,2,F,125, High,52,2
99,2,F,125, Low,35,6
99,1,M,40, High,408,0
99,1,M,40, Low,1612,0
99,1,M,80, High,80,0
99,1,M,80, Low,308,0
99,1,M,125, High,22,0
99,1,M,125, Low,52,0
99,1,F,40, High,407,0
99,1,F,40, Low,1646,0
99,1,F,80, High,83,0
99,1,F,80, Low,305,0
99,1,F,125, High,21,0
99,1,F,125, Low,56,0
100,2,M,40, High,1428,48
100,2,M,40, Low,635,18
100,2,M,80, High,262,11
100,2,M,80, Low,112,2
100,2,M,125, High,50,3
100,2,M,125, Low,21,1
100,2,F,40, High,1410,41
100,2,F,40, Low,651,29
100,2,F,80, High,246,10
100,2,F,80, Low,97,3
100,2,F,125, High,53,0
100,2,F,125, Low,35,3
100,1,M,40, High,408,0
100,1,M,40, Low,1612,0
100,1,M,80, High,80,0
100,1,M,80, Low,308,0
100,1,M,125, High,22,0
100,1,M,125, Low,52,0
100,1,F,40, High,407,0
100,1,F,40, Low,1646,0
100,1,F,80, High,83,0
100,1,F,80, Low,305,0
100,1,F,125, High,21,0
100,1,F,125, Low,56,0
101,2,M,40, High,1428,43
101,2,M,40, Low,635,15
101,2,M,80, High,262,9
101,2,M,80, Low,112,1
101,2,M,125, High,50,3
101,2,M,125, Low,21,1
101,2,F,40, High,1410,32
101,2,F,40, Low,651,19
101,2,F,80, High,246,7
101,2,F,80, Low,97,3
101,2,F,125, High,53,0
101,2,F,125, Low,35,1
101,1,M,40, High,408,0
101,1,M,40, Low,1612,0
101,1,M,80, High,80,0
101,1,M,80, Low,308,0
101,1,M,125, High,22,0
101,1,M,125, Low,52,0
101,1,F,40, High,407,0
101,1,F,40, Low,1646,0
101,1,F,80, High,83,0
101,1,F,80, Low,305,0
101,1,F,125, High,21,0
101,1,F,125, Low,56,0
102,2,M,40, High,1428,27
102,2,M,40, Low,635,12
102,2,M,80, High,262,6
102,2,M,80, Low,112,0
102,2,M,125, High,50,3
102,2,M,125, Low,21,1
102,2,F,40, High,1410,23
102,2,F,40, Low,651,14
102,2,F,80, High,246,5
102,2,F,80, Low,97,2
102,2,F,125, High,53,1
102,2,F,125, Low,35,0
102,1,M,40, High,408,0
102,1,M,40, Low,1612,0
102,1,M,80, High,80,0
102,1,M,80, Low,308,0
102,1,M,125, High,22,0
102,1,M,125, Low,52,0
102,1,F,40, High,407,0
102,1,F,40, Low,1646,0
102,1,F,80, High,83,0
102,1,F,80, Low,305,0
102,1,F,125, High,21,0
102,1,F,125, Low,56,0
103,2,M,40, High,1428,23
103,2,M,40, Low,635,10
103,2,M,80, High,262,5
103,2,M,80, Low,112,0
103,2,M,125, High,50,0
103,2,M,125, Low,21,1
103,2,F,40, High,1410,15
103,2,F,40, Low,651,10
103,2,F,80, High,246,5
103,2,F,80, Low,97,2
103,2,F,125, High,53,1
103,2,F,125, Low,35,0
103,1,M,40, High,408,0
103,1,M,40, Low,1612,0
103,1,M,80, High,80,0
103,1,M,80, Low,308,0
103,1,M,125, High,22,0
103,1,M,125, Low,52,0
103,1,F,40, High,407,0
103,1,F,40, Low,1646,0
103,1,F,80, High,83,0
103,1,F,80, Low,305,0
103,1,F,125, High,21,0
103,1,F,125, Low,56,0
104,2,M,40, High,1428,15
104,2,M,40, Low,635,5
104,2,M,80, High,262,3
104,2,M,80, Low,112,0
104,2,M,125, High,50,1
104,2,M,125, Low,21,1
104,2,F,40, High,1410,17
104,2,F,40, Low,651,5
104,2,F,80, High,246,4
104,2,F,80, Low,97,0
104,2,F,125, High,53,0
104,2,F,125, Low,35,0
104,1,M,40, High,408,0
104,1,M,40, Low,1612,0
104,1,M,80, High,80,0
104,1,M,80, Low,308,0
104,1,M,125, High,22,0
104,1,M,125, Low,52,0
104,1,F,40, High,407,0
104,1,F,40, Low,1646,0
104,1,F,80, High,83,0
104,1,F,80, Low,305,0
104,1,F,125, High,21,0
104,1,F,125, Low,56,0
105,2,M,40, High,1428,13
105,2,M,40, Low,635,2
105,2,M,80, High,262,3
105,2,M,80, Low,112,0
105,2,M,125, High,50,1
105,2,M,125, Low,21,0
105,2,F,40, High,1410,14
105,2,F,40, Low,651,4
105,2,F,80, High,246,2
105,2,F,80, Low,97,0
105,2,F,125, High,53,0
105,2,F,125, Low,35,0
105,1,M,40, High,408,0
105,1,M,40, Low,1612,0
105,1,M,80, High,80,0
105,1,M,80, Low,308,0
105,1,M,125, High,22,0
105,1,M,125, Low,52,0
105,1,F,40, High,407,0
105,1,F,40, Low,1646,0
105,1,F,80, High,83,0
105,1,F,80, Low,305,0
105,1,F,125, High,21,0
105,1,F,125, Low,56,0
106,2,M,40, High,1428,13
106,2,M,40, Low,635,3
106,2,M,80, High,262,3
106,2,M,80, Low,112,1
106,2,M,125, High,50,1
106,2,M,125, Low,21,0
106,2,F,40, High,1410,11
106,2,F,40, Low,651,2
106,2,F,80, High,246,2
106,2,F,80, Low,97,0
106,2,F,125, High,53,0
106,2,F,125, Low,35,0
106,1,M,40, High,408,0
106,1,M,40, Low,1612,0
106,1,M,80, High,80,0
106,1,M,80, Low,308,0
106,1,M,125, High,22,0
106,1,M,125, Low,52,0
106,1,F,40, High,407,0
106,1,F,40, Low,1646,0
106,1,F,80, High,83,0
106,1,F,80, Low,305,0
106,1,F,125, High,21,0
106,1,F,125, Low,56,0
107,2,M,40, High,1428,7
107,2,M,40, Low,635,3
107,2,M,80, High,262,3
107,2,M,80, Low,112,1
107,2,M,125, High,50,0
107,2,M,125, Low,21,0
107,2,F,40, High,1410,4
107,2,F,40, Low,651,1
107,2,F,80, High,246,2
107,2,F,80, Low,97,0
107,2,F,125, High,53,0
107,2,F,125, Low,35,0
107,1,M,40, High,408,0
107,1,M,40, Low,1612,0
107,1,M,80, High,80,0
107,1,M,80, Low,308,0
107,1,M,125, High,22,0
107,1,M,125, Low,52,0
107,1,F,40, High,407,0
107,1,F,40, Low,1646,0
107,1,F,80, High,83,0
107,1,F,80, Low,305,0
107,1,F,125, High,21,0
107,1,F,125, Low,56,0
108,2,M,40, High,1428,2
108,2,M,40, Low,635,2
108,2,M,80, High,262,3
108,2,M,80, Low,112,1
108,2,M,125, High,50,0
108,2,M,125, Low,21,0
108,2,F,40, High,1410,4
108,2,F,40, Low,651,1
108,2,F,80, High,246,2
108,2,F,80, Low,97,0
108,2,F,125, High,53,0
108,2,F,125, Low,35,0
108,1,M,40, High,407,0
108,1,M,40, Low,1612,0
108,1,M,80, High,81,0
108,1,M,80, Low,308,0
108,1,M,125, High,22,0
108,1,M,125, Low,52,0
108,1,F,40, High,407,0
108,1,F,40, Low,1646,0
108,1,F,80, High,83,0
108,1,F,80, Low,305,0
108,1,F,125, High,21,0
108,1,F,125, Low,56,0
109,2,M,40, High,1428,1
109,2,M,40, Low,635,2
109,2,M,80, High,262,1
109,2,M,80, Low,112,1
109,2,M,125, High,50,0
109,2,M,125, Low,21,0
109,2,F,40, High,1410,4
109,2,F,40, Low,651,2
109,2,F,80, High,246,2
109,2,F,80, Low,97,0
109,2,F,125, High,53,0
109,2,F,125, Low,35,0
109,1,M,40, High,407,0
109,1,M,40, Low,1612,0
109,1,M,80, High,81,0
109,1,M,80, Low,308,0
109,1,M,125, High,22,0
109,1,M,125, Low,52,0
109,1,F,40, High,407,0
109,1,F,40, Low,1646,0
109,1,F,80, High,83,0
109,1,F,80, Low,305,0
109,1,F,125, High,21,0
109,1,F,125, Low,56,0
110,2,M,40, High,1428,0
110,2,M,40, Low,635,3
110,2,M,80, High,262,0
110,2,M,80, Low,112,1
110,2,M,125, High,50,0
110,2,M,125, Low,21,0
110,2,F,40, High,1410,5
110,2,F,40, Low,651,2
110,2,F,80, High,246,0
110,2,F,80, Low,97,0
110,2,F,125, High,53,0
110,2,F,125, Low,35,0
110,1,M,40, High,407,0
110,1,M,40, Low,1612,0
110,1,M,80, High,81,0
110,1,M,80, Low,308,0
110,1,M,125, High,22,0
110,1,M,125, Low,52,0
110,1,F,40, High,407,0
110,1,F,40, Low,1646,0
110,1,F,80, High,83,0
110,1,F,80, Low,305,0
110,1,F,125, High,21,0
110,1,F,125, Low,56,0
111,2,M,40, High,1428,0
111,2,M,40, Low,635,2
111,2,M,80, High,262,0
111,2,M,80, Low,112,0
111,2,M,125, High,50,0
111,2,M,125, Low,21,0
111,2,F,40, High,1410,4
111,2,F,40, Low,651,2
111,2,F,80, High,246,0
111,2,F,80, Low,97,0
111,2,F,125, High,53,0
111,2,F,125, Low,35,0
111,1,M,40, High,407,0
111,1,M,40, Low,1611,0
111,1,M,80, High,81,0
111,1,M,80, Low,309,0
111,1,M,125, High,22,0
111,1,M,125, Low,52,0
111,1,F,40, High,407,0
111,1,F,40, Low,1646,0
111,1,F,80, High,83,0
111,1,F,80, Low,305,0
111,1,F,125, High,21,0
111,1,F,125, Low,56,0
112,2,M,40, High,1428,0
112,2,M,40, Low,635,3
112,2,M,80, High,262,0
112,2,M,80, Low,112,0
112,2,M,125, High,50,0
112,2,M,125, Low,21,0
112,2,F,40, High,1410,2
112,2,F,40, Low,651,2
112,2,F,80, High,246,0
112,2,F,80, Low,97,0
112,2,F,125, High,53,0
112,2,F,125, Low,35,0
112,1,M,40, High,407,0
112,1,M,40, Low,1611,0
112,1,M,80, High,81,0
112,1,M,80, Low,309,0
112,1,M,125, High,22,0
112,1,M,125, Low,52,0
112,1,F,40, High,407,0
112,1,F,40, Low,1646,0
112,1,F,80, High,83,0
112,1,F,80, Low,305,0
112,1,F,125, High,21,0
112,1,F,125, Low,56,0
113,2,M,40, High,1428,0
113,2,M,40, Low,635,3
113,2,M,80, High,262,0
113,2,M,80, Low,112,0
113,2,M,125, High,50,0
113,2,M,125, Low,21,0
113,2,F,40, High,1410,3
113,2,F,40, Low,651,2
113,2,F,80, High,246,0
113,2,F,80, Low,97,0
113,2,F,125, High,53,0
113,2,F,125, Low,35,0
113,1,M,40, High,407,0
113,1,M,40, Low,1611,0
113,1,M,80, High,81,0
113,1,M,80, Low,309,0
113,1,M,125, High,22,0
113,1,M,125, Low,52,0
113,1,F,40, High,407,0
113,1,F,40, Low,1646,0
113,1,F,80, High,83,0
113,1,F,80, Low,305,0
113,1,F,125, High,21,0
113,1,F,125, Low,56,0
114,2,M,40, High,1428,1
114,2,M,40, Low,635,2
114,2,M,80, High,262,0
114,2,M,80, Low,112,0
114,2,M,125, High,50,0
114,2,M,125, Low,21,0
114,2,F,40, High,1410,2
114,2,F,40, Low,651,1
114,2,F,80, High,246,0
114,2,F,80, Low,97,0
114,2,F,125, High,53,0
114,2,F,125, Low,35,0
114,1,M,40, High,407,0
114,1,M,40, Low,1611,0
114,1,M,80, High,81,0
114,1,M,80, Low,309,0
114,1,M,125, High,22,0
114,1,M,125, Low,52,0
114,1,F,40, High,407,0
114,1,F,40, Low,1646,0
114,1,F,80, High,83,0
114,1,F,80, Low,305,0
114,1,F,125, High,21,0
114,1,F,125, Low,56,0
115,2,M,40, High,1428,1
115,2,M,40, Low,635,2
115,2,M,80, High,262,0
115,2,M,80, Low,112,0
115,2,M,125, High,50,0
115,2,M,125, Low,21,0
115,2,F,40, High,1410,2
115,2,F,40, Low,651,0
115,2,F,80, High,246,0
115,2,F,80, Low,97,0
115,2,F,125, High,53,0
115,2,F,125, Low,35,0
115,1,M,40, High,407,0
115,1,M,40, Low,1611,0
115,1,M,80, High,81,0
115,1,M,80, Low,309,0
115,1,M,125, High,22,0
115,1,M,125, Low,52,0
115,1,F,40, High,407,0
115,1,F,40, Low,1646,0
115,1,F,80, High,83,0
115,1,F,80, Low,305,0
115,1,F,125, High,21,0
115,1,F,125, Low,56,0
116,2,M,40, High,1428,1
116,2,M,40, Low,635,2
116,2,M,80, High,262,0
116,2,M,80, Low,112,0
116,2,M,125, High,50,0
116,2,M,125, Low,21,0
116,2,F,40, High,1410,1
116,2,F,40, Low,651,0
116,2,F,80, High,246,0
116,2,F,80, Low,97,0
116,2,F,125, High,53,0
116,2,F,125, Low,35,0
116,1,M,40, High,407,0
116,1,M,40, Low,1611,0
116,1,M,80, High,81,0
116,1,M,80, Low,309,0
116,1,M,125, High,22,0
116,1,M,125, Low,52,0
116,1,F,40, High,407,0
116,1,F,40, Low,1646,0
116,1,F,80, High,83,0
116,1,F,80, Low,305,0
116,1,F,125, High,21,0
116,1,F,125, Low,56,0
117,2,M,40, High,1428,1
117,2,M,40, Low,635,0
117,2,M,80, High,262,0
117,2,M,80, Low,112,0
117,2,M,125, High,50,0
117,2,M,125, Low,21,0
117,2,F,40, High,1410,0
117,2,F,40, Low,651,0
117,2,F,80, High,246,0
117,2,F,80, Low,97,0
117,2,F,125, High,53,0
117,2,F,125, Low,35,0
117,1,M,40, High,407,0
117,1,M,40, Low,1611,0
117,1,M,80, High,81,0
117,1,M,80, Low,309,0
117,1,M,125, High,22,0
117,1,M,125, Low,52,0
117,1,F,40, High,407,0
117,1,F,40, Low,1646,0
117,1,F,80, High,83,0
117,1,F,80, Low,305,0
117,1,F,125, High,21,0
117,1,F,125, Low,56,0
118,2,M,40, High,1428,0
118,2,M,40, Low,635,0
118,2,M,80, High,262,0
118,2,M,80, Low,112,0
118,2,M,125, High,50,0
118,2,M,125, Low,21,0
118,2,F,40, High,1410,0
118,2,F,40, Low,651,0
118,2,F,80, High,246,0
118,2,F,80, Low,97,0
118,2,F,125, High,53,0
118,2,F,125, Low,35,0
118,1,M,40, High,407,0
118,1,M,40, Low,1611,0
118,1,M,80, High,81,0
118,1,M,80, Low,309,0
118,1,M,125, High,22,0
118,1,M,125, Low,52,0
118,1,F,40, High,407,0
118,1,F,40, Low,1646,0
118,1,F,80, High,83,0
118,1,F,80, Low,305,0
118,1,F,125, High,21,0
118,1,F,125, Low,56,0
119,2,M,40, High,1428,0
119,2,M,40, Low,635,0
119,2,M,80, High,262,0
119,2,M,80, Low,112,0
119,2,M,125, High,50,0
119,2,M,125, Low,21,0
119,2,F,40, High,1410,0
119,2,F,40, Low,651,0
119,2,F,80, High,246,0
119,2,F,80, Low,97,0
119,2,F,125, High,53,0
119,2,F,125, Low,35,0
119,1,M,40, High,407,0
119,1,M,40, Low,1611,0
119,1,M,80, High,81,0
119,1,M,80, Low,309,0
119,1,M,125, High,22,0
119,1,M,125, Low,52,0
119,1,F,40, High,407,0
119,1,F,40, Low,1646,0
119,1,F,80, High,83,0
119,1,F,80, Low,305,0
119,1,F,125, High,21,0
119,1,F,125, Low,56,0
120,2,M,40, High,1428,0
120,2,M,40, Low,635,0
120,2,M,80, High,262,0
120,2,M,80, Low,112,0
120,2,M,125, High,50,0
120,2,M,125, Low,21,0
120,2,F,40, High,1410,0
120,2,F,40, Low,651,0
120,2,F,80, High,246,0
120,2,F,80, Low,97,0
120,2,F,125, High,53,0
120,2,F,125, Low,35,0
120,1,M,40, High,407,0
120,1,M,40, Low,1611,0
120,1,M,80, High,81,0
120,1,M,80, Low,309,0
120,1,M,125, High,22,0
120,1,M,125, Low,52,0
120,1,F,40, High,407,0
120,1,F,40, Low,1646,0
120,1,F,80, High,83,0
120,1,F,80, Low,305,0
120,1,F,125, High,21,0
120,1,F,125, Low,56,0
121,2,M,40, High,1428,0
121,2,M,40, Low,635,0
121,2,M,80, High,262,0
121,2,M,80, Low,112,0
121,2,M,125, High,50,0
121,2,M,125, Low,21,0
121,2,F,40, High,1409,0
121,2,F,40, Low,651,0
121,2,F,80, High,247,0
121,2,F,80, Low,97,0
121,2,F,125, High,53,0
121,2,F,125, Low,35,0
121,1,M,40, High,407,0
121,1,M,40, Low,1611,0
121,1,M,80, High,81,0
121,1,M,80, Low,309,0
121,1,M,125, High,22,0
121,1,M,125, Low,52,0
121,1,F,40, High,407,0
121,1,F,40, Low,1646,0
121,1,F,80, High,83,0
121,1,F,80, Low,305,0
121,1,F,125, High,21,0
121,1,F,125, Low,56,0
122,2,M,40, High,1428,0
122,2,M,40, Low,635,0
122,2,M,80, High,262,0
122,2,M,80, Low,112,0
122,2,M,125, High,50,0
122,2,M,125, Low,21,0
122,2,F,40, High,1409,0
122,2,F,40, Low,651,0
122,2,F,80, High,246,0
122,2,F,80, Low,97,0
122,2,F,125, High,54,0
122,2,F,125, Low,35,0
122,1,M,40, High,407,0
122,1,M,40, Low,1611,0
122,1,M,80, High,81,0
122,1,M,80, Low,309,0
122,1,M,125, High,22,0
122,1,M,125, Low,52,0
122,1,F,40, High,407,0
122,1,F,40, Low,1646,0
122,1,F,80, High,83,0
122,1,F,80, Low,305,0
122,1,F,125, High,21,0
122,1,F,125, Low,56,0
123,2,M,40, High,1428,0
123,2,M,40, Low,635,0
123,2,M,80, High,262,0
123,2,M,80, Low,112,0
123,2,M,125, High,50,0
123,2,M,125, Low,21,0
123,2,F,40, High,1409,0
123,2,F,40, Low,651,0
123,2,F,80, High,246,0
123,2,F,80, Low,97,0
123,2,F,125, High,54,0
123,2,F,125, Low,35,0
123,1,M,40, High,407,0
123,1,M,40, Low,1611,0
123,1,M,80, High,81,0
123,1,M,80, Low,309,0
123,1,M,125, High,22,0
123,1,M,125, Low,52,0
123,1,F,40, High,407,0
123,1,F,40, Low,1646,0
123,1,F,80, High,83,0
123,1,F,80, Low,305,0
123,1,F,125, High,21,0
123,1,F,125, Low,56,0
124,2,M,40, High,1428,0
124,2,M,40, Low,635,0
124,2,M,80, High,262,0
124,2,M,80, Low,112,0
124,2,M,125, High,50,0
124,2,M,125, Low,21,0
124,2,F,40, High,1409,0
124,2,F,40, Low,651,0
124,2,F,80, High,246,0
124,2,F,80, Low,97,0
124,2,F,125, High,54,0
124,2,F,125, Low,35,0
124,1,M,40, High,407,0
124,1,M,40, Low,1611,0
124,1,M,80, High,81,0
124,1,M,80, Low,309,0
124,1,M,125, High,22,0
124,1,M,125, Low,52,0
124,1,F,40, High,406,0
124,1,F,40, Low,1646,0
124,1,F,80, High,84,0
124,1,F,80, Low,305,0
124,1,F,125, High,21,0
124,1,F,125, Low,56,0
125,2,M,40, High,1428,0
125,2,M,40, Low,635,0
125,2,M,80, High,262,0
125,2,M,80, Low,112,0
125,2,M,125, High,50,0
125,2,M,125, Low,21,0
125,2,F,40, High,1409,0
125,2,F,40, Low,651,0
125,2,F,80, High,246,0
125,2,F,80, Low,97,0
125,2,F,125, High,54,0
125,2,F,125, Low,35,0
125,1,M,40, High,407,0
125,1,M,40, Low,1611,0
125,1,M,80, High,81,0
125,1,M,80, Low,309,0
125,1,M,125, High,22,0
125,1,M,125, Low,52,0
125,1,F,40, High,406,0
125,1,F,40, Low,1646,0
125,1,F,80, High,84,0
125,1,F,80, Low,305,0
125,1,F,125, High,21,0
125,1,F,125, Low,56,0
126,2,M,40, High,1428,0
126,2,M,40, Low,635,0
126,2,M,80, High,262,0
126,2,M,80, Low,112,0
126,2,M,125, High,50,0
126,2,M,125, Low,21,0
126,2,F,40, High,1409,0
126,2,F,40, Low,651,0
126,2,F,80, High,246,0
126,2,F,80, Low,97,0
126,2,F,125, High,54,0
126,2,F,125, Low,35,0
126,1,M,40, High,407,0
126,1,M,40, Low,1611,0
126,1,M,80, High,81,0
126,1,M,80, Low,309,0
126,1,M,125, High,22,0
126,1,M,125, Low,52,0
126,1,F,40, High,406,0
126,1,F,40, Low,1646,0
126,1,F,80, High,84,0
126,1,F,80, Low,305,0
126,1,F,125, High,21,0
126,1,F,125, Low,56,0
127,2,M,40, High,1428,0
127,2,M,40, Low,635,0
127,2,M,80, High,262,0
127,2,M,80, Low,112,0
127,2,M,125, High,50,0
127,2,M,125, Low,21,0
127,2,F,40, High,1409,0
127,2,F,40, Low,651,0
127,2,F,80, High,246,0
127,2,F,80, Low,97,0
127,2,F,125, High,54,0
127,2,F,125, Low,35,0
127,1,M,40, High,407,0
127,1,M,40, Low,1611,0
127,1,M,80, High,81,0
127,1,M,80, Low,309,0
127,1,M,125, High,22,0
127,1,M,125, Low,52,0
127,1,F,40, High,406,0
127,1,F,40, Low,1646,0
127,1,F,80, High,84,0
127,1,F,80, Low,305,0
127,1,F,125, High,21,0
127,1,F,125, Low,56,0
128,2,M,40, High,1428,0
128,2,M,40, Low,635,0
128,2,M,80, High,262,0
128,2,M,80, Low,112,0
128,2,M,125, High,50,0
128,2,M,125, Low,21,0
128,2,F,40, High,1409,0
128,2,F,40, Low,651,0
128,2,F,80, High,246,0
128,2,F,80, Low,97,0
128,2,F,125, High,54,0
128,2,F,125, Low,35,0
128,1,M,40, High,407,0
128,1,M,40, Low,1611,0
128,1,M,80, High,81,0
128,1,M,80, Low,309,0
128,1,M,125, High,22,0
128,1,M,125, Low,52,0
128,1,F,40, High,406,0
128,1,F,40, Low,1645,0
128,1,F,80, High,84,0
128,1,F,80, Low,306,0
128,1,F,125, High,21,0
128,1,F,125, Low,56,0
129,2,M,40, High,1428,0
129,2,M,40, Low,635,0
129,2,M,80, High,262,0
129,2,M,80, Low,112,0
129,2,M,125, High,50,0
129,2,M,125, Low,21,0
129,2,F,40, High,1409,0
129,2,F,40, Low,651,0
129,2,F,80, High,246,0
129,2,F,80, Low,97,0
129,2,F,125, High,54,0
129,2,F,125, Low,35,0
129,1,M,40, High,407,0
129,1,M,40, Low,1611,0
129,1,M,80, High,81,0
129,1,M,80, Low,309,0
129,1,M,125, High,22,0
129,1,M,125, Low,52,0
129,1,F,40, High,406,0
129,1,F,40, Low,1645,0
129,1,F,80, High,84,0
129,1,F,80, Low,306,0
129,1,F,125, High,21,0
129,1,F,125, Low,56,0
130,2,M,40, High,1428,0
130,2,M,40, Low,635,0
130,2,M,80, High,262,0
130,2,M,80, Low,112,0
130,2,M,125, High,50,0
130,2,M,125, Low,21,0
130,2,F,40, High,1409,0
130,2,F,40, Low,651,0
130,2,F,80, High,246,0
130,2,F,80, Low,97,0
130,2,F,125, High,54,0
130,2,F,125, Low,35,0
130,1,M,40, High,407,0
130,1,M,40, Low,1611,0
130,1,M,80, High,81,0
130,1,M,80, Low,309,0
130,1,M,125, High,22,0
130,1,M,125, Low,52,0
130,1,F,40, High,406,0
130,1,F,40, Low,1645,0
130,1,F,80, High,84,0
130,1,F,80, Low,306,0
130,1,F,125, High,21,0
130,1,F,125, Low,56,0
131,2,M,40, High,1428,0
131,2,M,40, Low,635,0
131,2,M,80, High,262,0
131,2,M,80, Low,112,0
131,2,M,125, High,50,0
131,2,M,125, Low,21,0
131,2,F,40, High,1408,0
131,2,F,40, Low,651,0
131,2,F,80, High,247,0
131,2,F,80, Low,97,0
131,2,F,125, High,54,0
131,2,F,125, Low,35,0
131,1,M,40, High,407,0
131,1,M,40, Low,1610,0
131,1,M,80, High,81,0
131,1,M,80, Low,310,0
131,1,M,125, High,22,0
131,1,M,125, Low,52,0
131,1,F,40, High,406,0
131,1,F,40, Low,1645,0
131,1,F,80, High,84,0
131,1,F,80, Low,306,0
131,1,F,125, High,21,0
131,1,F,125, Low,56,0
132,2,M,40, High,1428,0
132,2,M,40, Low,634,0
132,2,M,80, High,262,0
132,2,M,80, Low,113,0
132,2,M,125, High,50,0
132,2,M,125, Low,21,0
132,2,F,40, High,1408,0
132,2,F,40, Low,651,0
132,2,F,80, High,247,0
132,2,F,80, Low,97,0
132,2,F,125, High,54,0
132,2,F,125, Low,35,0
132,1,M,40, High,407,0
132,1,M,40, Low,1610,0
132,1,M,80, High,81,0
132,1,M,80, Low,310,0
132,1,M,125, High,22,0
132,1,M,125, Low,52,0
132,1,F,40, High,406,0
132,1,F,40, Low,1645,0
132,1,F,80, High,84,0
132,1,F,80, Low,306,0
132,1,F,125, High,21,0
132,1,F,125, Low,56,0
133,2,M,40, High,1428,0
133,2,M,40, Low,634,0
133,2,M,80, High,262,0
133,2,M,80, Low,113,0
133,2,M,125, High,50,0
133,2,M,125, Low,21,0
133,2,F,40, High,1408,0
133,2,F,40, Low,651,0
133,2,F,80, High,247,0
133,2,F,80, Low,97,0
133,2,F,125, High,54,0
133,2,F,125, Low,35,0
133,1,M,40, High,407,0
133,1,M,40, Low,1610,0
133,1,M,80, High,81,0
133,1,M,80, Low,310,0
133,1,M,125, High,22,0
133,1,M,125, Low,52,0
133,1,F,40, High,406,0
133,1,F,40, Low,1645,0
133,1,F,80, High,84,0
133,1,F,80, Low,306,0
133,1,F,125, High,21,0
133,1,F,125, Low,56,0
134,2,M,40, High,1428,0
134,2,M,40, Low,634,0
134,2,M,80, High,262,0
134,2,M,80, Low,113,0
134,2,M,125, High,50,0
134,2,M,125, Low,21,0
134,2,F,40, High,1408,0
134,2,F,40, Low,651,0
134,2,F,80, High,247,0
134,2,F,80, Low,97,0
134,2,F,125, High,54,0
134,2,F,125, Low,35,0
134,1,M,40, High,407,0
134,1,M,40, Low,1610,0
134,1,M,80, High,81,0
134,1,M,80, Low,310,0
134,1,M,125, High,22,0
134,1,M,125, Low,52,0
134,1,F,40, High,406,0
134,1,F,40, Low,1645,0
134,1,F,80, High,84,0
134,1,F,80, Low,306,0
134,1,F,125, High,21,0
134,1,F,125, Low,56,0
135,2,M,40, High,1428,0
135,2,M,40, Low,634,0
135,2,M,80, High,262,0
135,2,M,80, Low,113,0
135,2,M,125, High,50,0
135,2,M,125, Low,21,0
135,2,F,40, High,1408,0
135,2,F,40, Low,651,0
135,2,F,80, High,247,0
135,2,F,80, Low,97,0
135,2,F,125, High,54,0
135,2,F,125, Low,35,0
135,1,M,40, High,407,0
135,1,M,40, Low,1610,0
135,1,M,80, High,81,0
135,1,M,80, Low,310,0
135,1,M,125, High,22,0
135,1,M,125, Low,52,0
135,1,F,40, High,406,0
135,1,F,40, Low,1645,0
135,1,F,80, High,84,0
135,1,F,80, Low,306,0
135,1,F,125, High,21,0
135,1,F,125, Low,56,0
136,2,M,40, High,1428,0
136,2,M,40, Low,634,0
136,2,M,80, High,262,0
136,2,M,80, Low,113,0
136,2,M,125, High,50,0
136,2,M,125, Low,21,0
136,2,F,40, High,1408,0
136,2,F,40, Low,651,0
136,2,F,80, High,247,0
136,2,F,80, Low,97,0
136,2,F,125, High,54,0
136,2,F,125, Low,35,0
136,1,M,40, High,407,0
136,1,M,40, Low,1610,0
136,1,M,80, High,81,0
136,1,M,80, Low,310,0
136,1,M,125, High,22,0
136,1,M,125, Low,52,0
136,1,F,40, High,406,0
136,1,F,40, Low,1645,0
136,1,F,80, High,84,0
136,1,F,80, Low,306,0
136,1,F,125, High,21,0
136,1,F,125, Low,56,0
137,2,M,40, High,1428,0
137,2,M,40, Low,634,0
137,2,M,80, High,262,0
137,2,M,80, Low,113,0
137,2,M,125, High,50,0
137,2,M,125, Low,21,0
137,2,F,40, High,1408,0
137,2,F,40, Low,651,0
137,2,F,80, High,247,0
137,2,F,80, Low,97,0
137,2,F,125, High,54,0
137,2,F,125, Low,35,0
137,1,M,40, High,407,0
137,1,M,40, Low,1610,0
137,1,M,80, High,81,0
137,1,M,80, Low,310,0
137,1,M,125, High,22,0
137,1,M,125, Low,52,0
137,1,F,40, High,406,0
137,1,F,40, Low,1644,0
137,1,F,80, High,84,0
137,1,F,80, Low,307,0
137,1,F,125, High,21,0
137,1,F,125, Low,56,0
138,2,M,40, High,1428,0
138,2,M,40, Low,634,0
138,2,M,80, High,262,0
138,2,M,80, Low,113,0
138,2,M,125, High,50,0
138,2,M,125, Low,21,0
138,2,F,40, High,1408,0
138,2,F,40, Low,651,0
138,2,F,80, High,247,0
138,2,F,80, Low,97,0
138,2,F,125, High,54,0
138,2,F,125, Low,35,0
138,1,M,40, High,407,0
138,1,M,40, Low,1610,0
138,1,M,80, High,81,0
138,1,M,80, Low,310,0
138,1,M,125, High,22,0
138,1,M,125, Low,52,0
138,1,F,40, High,406,0
138,1,F,40, Low,1644,0
138,1,F,80, High,84,0
138,1,F,80, Low,307,0
138,1,F,125, High,21,0
138,1,F,125, Low,56,0
139,2,M,40, High,1428,0
139,2,M,40, Low,634,0
139,2,M,80, High,262,0
139,2,M,80, Low,113,0
139,2,M,125, High,50,0
139,2,M,125, Low,21,0
139,2,F,40, High,1408,0
139,2,F,40, Low,651,0
139,2,F,80, High,247,0
139,2,F,80, Low,97,0
139,2,F,125, High,54,0
139,2,F,125, Low,35,0
139,1,M,40, High,407,0
139,1,M,40, Low,1610,0
139,1,M,80, High,81,0
139,1,M,80, Low,310,0
139,1,M,125, High,22,0
139,1,M,125, Low,52,0
139,1,F,40, High,406,0
139,1,F,40, Low,1644,0
139,1,F,80, High,84,0
139,1,F,80, Low,307,0
139,1,F,125, High,21,0
139,1,F,125, Low,56,0
140,2,M,40, High,1428,0
140,2,M,40, Low,634,0
140,2,M,80, High,262,0
140,2,M,80, Low,113,0
140,2,M,125, High,50,0
140,2,M,125, Low,21,0
140,2,F,40, High,1408,0
140,2,F,40, Low,651,0
140,2,F,80, High,247,0
140,2,F,80, Low,97,0
140,2,F,125, High,54,0
140,2,F,125, Low,35,0
140,1,M,40, High,407,0
140,1,M,40, Low,1610,0
140,1,M,80, High,81,0
140,1,M,80, Low,310,0
140,1,M,125, High,22,0
140,1,M,125, Low,52,0
140,1,F,40, High,406,0
140,1,F,40, Low,1644,0
140,1,F,80, High,84,0
140,1,F,80, Low,307,0
140,1,F,125, High,21,0
140,1,F,125, Low,56,0
141,2,M,40, High,1428,0
141,2,M,40, Low,634,0
141,2,M,80, High,262,0
141,2,M,80, Low,113,0
141,2,M,125, High,50,0
141,2,M,125, Low,21,0
141,2,F,40, High,1408,0
141,2,F,40, Low,651,0
141,2,F,80, High,247,0
141,2,F,80, Low,97,0
141,2,F,125, High,54,0
141,2,F,125, Low,35,0
141,1,M,40, High,407,0
141,1,M,40, Low,1610,0
141,1,M,80, High,81,0
141,1,M,80, Low,310,0
141,1,M,125, High,22,0
141,1,M,125, Low,52,0
141,1,F,40, High,406,0
141,1,F,40, Low,1644,0
141,1,F,80, High,84,0
141,1,F,80, Low,307,0
141,1,F,125, High,21,0
141,1,F,125, Low,56,0
142,2,M,40, High,1428,0
142,2,M,40, Low,634,0
142,2,M,80, High,262,0
142,2,M,80, Low,113,0
142,2,M,125, High,50,0
142,2,M,125, Low,21,0
142,2,F,40, High,1408,0
142,2,F,40, Low,651,0
142,2,F,80, High,247,0
142,2,F,80, Low,97,0
142,2,F,125, High,54,0
142,2,F,125, Low,35,0
142,1,M,40, High,407,0
142,1,M,40, Low,1610,0
142,1,M,80, High,81,0
142,1,M,80, Low,310,0
142,1,M,125, High,22,0
142,1,M,125, Low,52,0
142,1,F,40, High,406,0
142,1,F,40, Low,1644,0
142,1,F,80, High,84,0
142,1,F,80, Low,307,0
142,1,F,125, High,21,0
142,1,F,125, Low,56,0
143,2,M,40, High,1428,0
143,2,M,40, Low,634,0
143,2,M,80, High,262,0
143,2,M,80, Low,113,0
143,2,M,125, High,50,0
143,2,M,125, Low,21,0
143,2,F,40, High,1408,0
143,2,F,40, Low,651,0
143,2,F,80, High,247,0
143,2,F,80, Low,97,0
143,2,F,125, High,54,0
143,2,F,125, Low,35,0
143,1,M,40, High,407,0
143,1,M,40, Low,1610,0
143,1,M,80, High,81,0
143,1,M,80, Low,310,0
143,1,M,125, High,22,0
143,1,M,125, Low,52,0
143,1,F,40, High,406,0
143,1,F,40, Low,1644,0
143,1,F,80, High,84,0
143,1,F,80, Low,307,0
143,1,F,125, High,21,0
143,1,F,125, Low,56,0
144,2,M,40, High,1428,0
144,2,M,40, Low,634,0
144,2,M,80, High,262,0
144,2,M,80, Low,113,0
144,2,M,125, High,50,0
144,2,M,125, Low,21,0
144,2,F,40, High,1408,0
144,2,F,40, Low,651,0
144,2,F,80, High,247,0
144,2,F,80, Low,97,0
144,2,F,125, High,54,0
144,2,F,125, Low,35,0
144,1,M,40, High,407,0
144,1,M,40, Low,1610,0
144,1,M,80, High,81,0
144,1,M,80, Low,310,0
144,1,M,125, High,22,0
144,1,M,125, Low,52,0
144,1,F,40, High,406,0
144,1,F,40, Low,1644,0
144,1,F,80, High,84,0
144,1,F,80, Low,307,0
144,1,F,125, High,21,0
144,1,F,125, Low,56,0
145,2,M,40, High,1427,0
145,2,M,40, Low,634,0
145,2,M,80, High,263,0
145,2,M,80, Low,113,0
145,2,M,125, High,50,0
145,2,M,125, Low,21,0
145,2,F,40, High,1408,0
145,2,F,40, Low,651,0
145,2,F,80, High,247,0
145,2,F,80, Low,97,0
145,2,F,125, High,54,0
145,2,F,125, Low,35,0
145,1,M,40, High,407,0
145,1,M,40, Low,1610,0
145,1,M,80, High,81,0
145,1,M,80, Low,310,0
145,1,M,125, High,22,0
145,1,M,125, Low,52,0
145,1,F,40, High,406,0
145,1,F,40, Low,1644,0
145,1,F,80, High,84,0
145,1,F,80, Low,307,0
145,1,F,125, High,21,0
145,1,F,125, Low,56,0
146,2,M,40, High,1427,0
146,2,M,40, Low,634,0
146,2,M,80, High,263,0
146,2,M,80, Low,113,0
146,2,M,125, High,50,0
146,2,M,125, Low,21,0
146,2,F,40, High,1408,0
146,2,F,40, Low,651,0
146,2,F,80, High,247,0
146,2,F,80, Low,97,0
146,2,F,125, High,54,0
146,2,F,125, Low,35,0
146,1,M,40, High,407,0
146,1,M,40, Low,1610,0
146,1,M,80, High,81,0
146,1,M,80, Low,310,0
146,1,M,125, High,22,0
146,1,M,125, Low,52,0
146,1,F,40, High,406,0
146,1,F,40, Low,1644,0
146,1,F,80, High,84,0
146,1,F,80, Low,307,0
146,1,F,125, High,21,0
146,1,F,125, Low,56,0
147,2,M,40, High,1427,0
147,2,M,40, Low,634,0
147,2,M,80, High,263,0
147,2,M,80, Low,113,0
147,2,M,125, High,50,0
147,2,M,125, Low,21,0
147,2,F,40, High,1408,0
147,2,F,40, Low,651,0
147,2,F,80, High,247,0
147,2,F,80, Low,97,0
147,2,F,125, High,54,0
147,2,F,125, Low,35,0
147,1,M,40, High,407,0
147,1,M,40, Low,1610,0
147,1,M,80, High,81,0
147,1,M,80, Low,310,0
147,1,M,125, High,22,0
147,1,M,125, Low,52,0
147,1,F,40, High,406,0
147,1,F,40, Low,1644,0
147,1,F,80, High,84,0
147,1,F,80, Low,307,0
147,1,F,125, High,21,0
147,1,F,125, Low,56,0
148,2,M,40, High,1427,0
148,2,M,40, Low,634,0
148,2,M,80, High,263,0
148,2,M,80, Low,113,0
148,2,M,125, High,50,0
148,2,M,125, Low,21,0
148,2,F,40, High,1408,0
148,2,F,40, Low,651,0
148,2,F,80, High,247,0
148,2,F,80, Low,97,0
148,2,F,125, High,54,0
148,2,F,125, Low,35,0
148,1,M,40, High,407,0
148,1,M,40, Low,1610,0
148,1,M,80, High,81,0
148,1,M,80, Low,310,0
148,1,M,125, High,22,0
148,1,M,125, Low,52,0
148,1,F,40, High,406,0
148,1,F,40, Low,1644,0
148,1,F,80, High,84,0
148,1,F,80, Low,307,0
148,1,F,125, High,21,0
148,1,F,125, Low,56,0
149,2,M,40, High,1427,0
149,2,M,40, Low,634,0
149,2,M,80, High,263,0
149,2,M,80, Low,113,0
149,2,M,125, High,50,0
149,2,M,125, Low,21,0
149,2,F,40, High,1408,0
149,2,F,40, Low,651,0
149,2,F,80, High,247,0
149,2,F,80, Low,97,0
149,2,F,125, High,54,0
149,2,F,125, Low,35,0
149,1,M,40, High,407,0
149,1,M,40, Low,1610,0
149,1,M,80, High,81,0
149,1,M,80, Low,310,0
149,1,M,125, High,22,0
149,1,M,125, Low,52,0
149,1,F,40, High,406,0
149,1,F,40, Low,1644,0
149,1,F,80, High,84,0
149,1,F,80, Low,307,0
149,1,F,125, High,21,0
149,1,F,125, Low,56,0
